% WEIGHTED ILI,%UNWEIGHTED ILI,AGE 0-4,AGE 5-24,ILITOTAL,NUM. OF PROVIDERS,OT
0.118255,0.094729,0.036978,0.018180,0.025338,0.253492,0.132888
0.133306,0.101719,0.044694,0.019886,0.028349,0.269529,0.144513
0.131384,0.089663,0.041562,0.020039,0.027025,0.293326,0.151775
0.155225,0.106765,0.048132,0.024291,0.033178,0.309881,0.169644
0.152117,0.113767,0.055390,0.027958,0.037658,0.333678,0.188289
0.166919,0.128238,0.060280,0.030072,0.042284,0.344542,0.195709
0.155147,0.125272,0.057529,0.027551,0.040422,0.340921,0.188888
0.143118,0.117031,0.053786,0.027372,0.038531,0.340404,0.189014
0.171422,0.132341,0.056230,0.022585,0.034778,0.338334,0.147434
0.150449,0.107027,0.057988,0.026125,0.039724,0.348163,0.211893
0.169366,0.107482,0.053938,0.027704,0.038385,0.343508,0.202458
0.246508,0.152744,0.065169,0.033433,0.045062,0.333161,0.179940
0.302387,0.208853,0.062419,0.021542,0.036931,0.310916,0.094541
0.276303,0.198218,0.071052,0.023629,0.042793,0.318158,0.126502
0.188006,0.154137,0.074108,0.030683,0.049615,0.342473,0.201718
0.232382,0.185774,0.080678,0.043465,0.056524,0.330057,0.198199
0.302755,0.270296,0.097410,0.074020,0.078225,0.342990,0.202969
0.351369,0.333200,0.100313,0.101164,0.098342,0.320745,0.216515
0.390252,0.375329,0.115211,0.110916,0.108567,0.323332,0.215068
0.369124,0.354126,0.112308,0.105238,0.106633,0.330574,0.224458
0.386863,0.351643,0.121934,0.091615,0.100509,0.314020,0.209555
0.284794,0.256484,0.094583,0.063453,0.076916,0.306777,0.210235
0.242084,0.204221,0.070059,0.051231,0.060102,0.297465,0.194634
0.223649,0.173744,0.059745,0.040180,0.050793,0.295396,0.184776
0.215478,0.144073,0.048820,0.031319,0.038822,0.274703,0.156830
0.144101,0.103075,0.040186,0.023553,0.030851,0.264356,0.159430
0.119899,0.078966,0.031171,0.019224,0.024873,0.246767,0.151633
0.115190,0.081316,0.035984,0.018028,0.025658,0.243663,0.154049
0.075817,0.046948,0.026129,0.011407,0.016713,0.209519,0.134085
0.078822,0.046160,0.025288,0.010618,0.016393,0.216244,0.132344
0.046215,0.019550,0.013523,0.008988,0.011011,0.202276,0.125567
0.043123,0.020743,0.008939,0.009676,0.009993,0.180548,0.109869
0.051041,0.013343,0.011460,0.004889,0.007535,0.146405,0.092435
0.049682,0.039498,0.012682,0.004354,0.006138,0.073461,0.036859
0.059419,0.041984,0.008786,0.002903,0.004698,0.066736,0.019438
0.050283,0.030915,0.007869,0.002648,0.003564,0.041386,0.017095
0.032519,0.042530,0.007640,0.002444,0.004393,0.039834,0.015827
0.023249,0.013342,0.003132,0.000815,0.001527,0.030005,0.008803
0.013358,0.017464,0.001834,0.000840,0.001789,0.030005,0.008189
0.006185,0.000000,0.000840,0.000000,0.000000,0.023797,0.000000
0.013054,0.015831,0.002980,0.001273,0.001789,0.022763,0.009827
0.016689,0.004626,0.000000,0.000178,0.000684,0.019141,0.005813
0.013767,0.013916,0.001070,0.001222,0.001484,0.019659,0.007607
0.000038,0.001912,0.000153,0.000738,0.000625,0.013451,0.008038
0.023555,0.020030,0.002903,0.000866,0.001818,0.016037,0.006112
0.019164,0.016642,0.001681,0.001019,0.001498,0.009829,0.005113
0.025919,0.021006,0.004660,0.001350,0.001920,0.006725,0.006508
0.018805,0.023841,0.005195,0.001630,0.002109,0.006208,0.006297
0.052156,0.042256,0.006036,0.002317,0.002924,0.003621,0.000921
0.031221,0.020702,0.003591,0.002368,0.002284,0.001552,0.011438
0.041053,0.020376,0.002903,0.002343,0.002080,0.000000,0.009149
0.054001,0.035963,0.002827,0.003310,0.003127,0.002069,0.007809
0.072270,0.065854,0.054244,0.020116,0.030895,0.292809,0.225038
0.091787,0.077412,0.062266,0.026507,0.038022,0.345059,0.256993
0.126450,0.078990,0.059592,0.026889,0.039462,0.367305,0.264584
0.132378,0.087101,0.069371,0.032541,0.045920,0.384377,0.294253
0.193008,0.129253,0.084728,0.050645,0.063593,0.419038,0.317497
0.283335,0.173349,0.110322,0.067324,0.079593,0.438179,0.321391
0.322436,0.268751,0.159447,0.102921,0.117338,0.453699,0.336954
0.459044,0.367332,0.188173,0.142413,0.157425,0.447491,0.348733
0.570003,0.535440,0.240584,0.123291,0.166167,0.441800,0.246933
0.685458,0.608750,0.354191,0.196725,0.270982,0.478531,0.389119
0.955488,0.833061,0.498281,0.291778,0.358458,0.470253,0.384362
0.968203,0.894555,0.484071,0.248517,0.340087,0.457320,0.333079
0.988167,0.922281,0.400183,0.130879,0.234138,0.443870,0.199142
0.650345,0.569584,0.251585,0.071372,0.160204,0.452664,0.218918
0.344878,0.270341,0.139965,0.056222,0.105949,0.463528,0.296554
0.237995,0.184858,0.120788,0.044967,0.076582,0.453699,0.289741
0.208479,0.171243,0.123997,0.038525,0.067535,0.424211,0.267362
0.193491,0.147458,0.106120,0.036972,0.059898,0.417486,0.264763
0.150495,0.132778,0.103598,0.034553,0.057207,0.408691,0.274337
0.139340,0.116840,0.101001,0.030708,0.050996,0.373513,0.266160
0.129487,0.114453,0.091909,0.029639,0.049062,0.382825,0.258539
0.099824,0.076532,0.065551,0.024113,0.037789,0.353854,0.257179
0.086919,0.072792,0.063183,0.020854,0.035287,0.325918,0.245770
0.091776,0.078708,0.059592,0.020294,0.034764,0.327470,0.228779
0.095885,0.074162,0.048285,0.018715,0.031549,0.302638,0.212753
0.067563,0.060739,0.050577,0.016347,0.028829,0.307812,0.218696
0.053678,0.041970,0.039117,0.013241,0.022400,0.291774,0.202295
0.042078,0.043649,0.037054,0.012095,0.020175,0.263839,0.175489
0.044496,0.048352,0.034151,0.012273,0.020815,0.254009,0.171623
0.038188,0.042222,0.030789,0.010694,0.018865,0.214692,0.165237
0.029608,0.026950,0.028421,0.007970,0.014735,0.203828,0.154435
0.032523,0.037313,0.025747,0.010185,0.015651,0.188826,0.141760
0.032209,0.041681,0.026816,0.008963,0.014676,0.173306,0.123037
0.044377,0.044990,0.026969,0.007359,0.013731,0.149509,0.107725
0.038798,0.043909,0.021163,0.006569,0.010938,0.102949,0.081143
0.062667,0.054185,0.022385,0.005525,0.010807,0.097258,0.066741
0.065551,0.035068,0.019635,0.005551,0.009731,0.092602,0.081272
0.035894,0.023784,0.015968,0.003794,0.007753,0.083808,0.076073
0.021920,0.031372,0.013676,0.004914,0.008276,0.082256,0.070486
0.000000,0.009924,0.010696,0.002343,0.005527,0.074496,0.070616
0.025904,0.041432,0.010314,0.002903,0.005702,0.060528,0.030337
0.031122,0.051793,0.011536,0.004812,0.007535,0.058976,0.038530
0.019503,0.027841,0.012300,0.002775,0.004960,0.054837,0.036606
0.035339,0.040433,0.012377,0.003539,0.005833,0.051216,0.032687
0.024393,0.019171,0.008786,0.003667,0.006036,0.041904,0.061763
0.022831,0.057658,0.011078,0.004201,0.007142,0.036213,0.029632
0.030231,0.044187,0.012071,0.004201,0.006575,0.036730,0.036565
0.042277,0.053790,0.012300,0.004431,0.006996,0.035696,0.031630
0.035692,0.070391,0.013828,0.006799,0.009338,0.032074,0.037961
0.041414,0.053966,0.013981,0.005551,0.008655,0.037765,0.046931
0.050404,0.064061,0.018642,0.008199,0.011695,0.039834,0.063723
0.046172,0.061093,0.017114,0.008275,0.011215,0.037248,0.062701
0.058517,0.067365,0.017954,0.007410,0.011607,0.051733,0.059582
0.085614,0.056915,0.059516,0.029664,0.041498,0.471805,0.343000
0.090494,0.074498,0.074337,0.032643,0.048189,0.477496,0.344980
0.112032,0.080177,0.087249,0.036743,0.053833,0.518883,0.372275
0.128929,0.091963,0.083429,0.040231,0.058924,0.532333,0.375633
0.125703,0.100099,0.093896,0.041428,0.061571,0.536989,0.371798
0.142871,0.114160,0.106884,0.045400,0.067651,0.558717,0.375392
0.142754,0.111609,0.109481,0.045400,0.067855,0.554578,0.383071
0.188487,0.154780,0.106349,0.040409,0.063927,0.557165,0.274218
0.165289,0.127064,0.110016,0.050111,0.074022,0.571650,0.382859
0.177557,0.134475,0.111009,0.049933,0.074327,0.559752,0.367835
0.198490,0.157974,0.120101,0.050416,0.079084,0.576824,0.345800
0.274931,0.238462,0.134311,0.043694,0.078124,0.529747,0.231565
0.328476,0.291128,0.164566,0.048430,0.101251,0.552509,0.260048
0.278242,0.236404,0.146077,0.060067,0.112335,0.578893,0.362013
0.297379,0.239948,0.159676,0.073613,0.116436,0.557682,0.372192
0.340453,0.286025,0.160516,0.091437,0.131055,0.560786,0.361090
0.434352,0.361105,0.202384,0.134265,0.176058,0.553544,0.404538
0.575024,0.489535,0.228283,0.192473,0.230895,0.537506,0.406341
0.639151,0.575832,0.269539,0.223130,0.277105,0.548370,0.423790
0.691223,0.597760,0.285431,0.211570,0.285280,0.551474,0.421373
0.559676,0.517457,0.276721,0.169786,0.237265,0.525608,0.395782
0.451341,0.415592,0.221484,0.133731,0.187869,0.519400,0.378336
0.405179,0.374192,0.200932,0.112113,0.164116,0.498189,0.359444
0.327351,0.306100,0.177095,0.087134,0.133585,0.476461,0.345382
0.287450,0.260980,0.156391,0.068240,0.110284,0.457320,0.322201
0.223941,0.196555,0.132096,0.051995,0.087433,0.434040,0.320417
0.161792,0.144989,0.101154,0.041912,0.065425,0.405587,0.298305
0.156191,0.129056,0.096111,0.038500,0.060029,0.380755,0.297265
0.119146,0.106515,0.076247,0.035088,0.051011,0.369374,0.286438
0.117701,0.100389,0.077852,0.033611,0.048407,0.365753,0.281962
0.109523,0.082421,0.061502,0.026609,0.038865,0.340921,0.252330
0.121838,0.091717,0.067308,0.026074,0.039185,0.317641,0.235568
0.110957,0.079936,0.054015,0.021261,0.032189,0.290222,0.206447
0.098734,0.079313,0.045000,0.015380,0.025280,0.218831,0.154247
0.119338,0.106690,0.045458,0.014947,0.025905,0.192964,0.122306
0.108049,0.073334,0.034380,0.012808,0.020742,0.175375,0.127413
0.088366,0.077232,0.036290,0.010593,0.018851,0.164511,0.107147
0.082259,0.064893,0.036825,0.010593,0.019055,0.167098,0.125851
0.073739,0.050050,0.030484,0.009192,0.015142,0.147957,0.113463
0.060615,0.049158,0.025059,0.007613,0.012800,0.139162,0.092183
0.055130,0.033587,0.022232,0.006875,0.012073,0.134506,0.109723
0.064385,0.031137,0.017954,0.006951,0.010909,0.125711,0.100970
0.053380,0.025138,0.017572,0.006009,0.009775,0.117951,0.098491
0.059100,0.027748,0.017801,0.005984,0.009658,0.115882,0.092380
0.045203,0.029944,0.016884,0.006595,0.010255,0.111226,0.095532
0.053710,0.017453,0.017725,0.005984,0.008873,0.111743,0.102127
0.043744,0.016545,0.014822,0.005602,0.008785,0.084842,0.102860
0.070320,0.026483,0.018642,0.007028,0.010400,0.080704,0.103530
0.074376,0.039844,0.018336,0.007766,0.010807,0.078634,0.085667
0.068279,0.026926,0.015586,0.007435,0.010298,0.074496,0.101478
0.089546,0.040628,0.020628,0.010822,0.013105,0.080186,0.108534
0.085007,0.044257,0.021621,0.010007,0.012887,0.094671,0.100383
0.112165,0.082056,0.082054,0.029664,0.047535,0.439214,0.318904
0.117827,0.079578,0.090687,0.029435,0.047476,0.463528,0.325056
0.129701,0.087511,0.098938,0.036514,0.055331,0.492499,0.362196
0.134103,0.088715,0.102452,0.038398,0.057164,0.503363,0.372162
0.167299,0.107106,0.117732,0.045909,0.068175,0.525608,0.396919
0.151950,0.118571,0.111926,0.046801,0.068655,0.521469,0.370885
0.171028,0.124468,0.120788,0.047361,0.072116,0.524056,0.377743
0.200335,0.156689,0.119795,0.038245,0.065222,0.536472,0.277820
0.193250,0.139126,0.134464,0.053090,0.082153,0.548888,0.400986
0.216295,0.163066,0.144320,0.060398,0.088044,0.550440,0.380773
0.272060,0.212600,0.163725,0.075675,0.107331,0.545266,0.378754
0.374415,0.291420,0.198487,0.075548,0.120131,0.529229,0.319803
0.397992,0.359357,0.197112,0.062893,0.123985,0.521987,0.267200
0.309275,0.271282,0.177554,0.057928,0.116669,0.545784,0.331622
0.257988,0.211921,0.166094,0.072060,0.110022,0.556130,0.390832
0.272530,0.219882,0.164336,0.077891,0.109673,0.534402,0.376557
0.280710,0.241500,0.194438,0.090520,0.127942,0.551992,0.412411
0.295474,0.256853,0.192070,0.103430,0.134298,0.546301,0.411709
0.312045,0.280788,0.202918,0.114633,0.147040,0.541645,0.420018
0.377209,0.323174,0.192986,0.124462,0.158662,0.529747,0.400270
0.376539,0.347617,0.202842,0.132228,0.168480,0.529747,0.399279
0.377431,0.329445,0.189548,0.125201,0.160364,0.523021,0.397654
0.370861,0.320803,0.188402,0.127696,0.159171,0.513709,0.404670
0.311335,0.277993,0.170525,0.103455,0.130967,0.505432,0.370941
0.281272,0.236988,0.137291,0.092124,0.112669,0.493016,0.362428
0.266124,0.214005,0.122164,0.084078,0.101745,0.466115,0.353876
0.205338,0.161280,0.102300,0.065414,0.078836,0.449560,0.338501
0.149058,0.121613,0.082741,0.048965,0.061513,0.425763,0.320800
0.129072,0.091379,0.065780,0.035342,0.047011,0.404035,0.292149
0.106300,0.076999,0.056383,0.032872,0.041585,0.389550,0.285910
0.096516,0.066341,0.049431,0.028442,0.035811,0.359027,0.265585
0.092677,0.062642,0.049431,0.024139,0.033076,0.338852,0.251401
0.090454,0.063970,0.047139,0.022356,0.030691,0.317124,0.227559
0.076905,0.056179,0.045916,0.017136,0.025353,0.268495,0.197634
0.078649,0.052352,0.036214,0.011968,0.019302,0.199172,0.149142
0.068640,0.067179,0.050118,0.013623,0.025556,0.191930,0.177170
0.058998,0.049511,0.031782,0.009065,0.016175,0.181583,0.124316
0.049916,0.039757,0.027886,0.008097,0.014284,0.178996,0.122436
0.049841,0.046281,0.028115,0.007613,0.013862,0.159338,0.106959
0.057438,0.053489,0.025900,0.007919,0.013047,0.155717,0.088517
0.056239,0.060489,0.034456,0.010694,0.018895,0.161924,0.131332
0.039511,0.057241,0.033845,0.008887,0.017964,0.155199,0.128237
0.036689,0.049327,0.030866,0.007944,0.016538,0.155199,0.128151
0.035914,0.054763,0.031324,0.008632,0.016145,0.148474,0.115507
0.045335,0.045688,0.028650,0.008759,0.015345,0.146405,0.122738
0.036780,0.053315,0.031477,0.009549,0.016567,0.140714,0.121739
0.035302,0.034671,0.023378,0.007333,0.011927,0.123642,0.106163
0.038971,0.042997,0.022920,0.009319,0.013178,0.115882,0.105354
0.061759,0.073299,0.030102,0.010567,0.016655,0.117434,0.094543
0.055759,0.054638,0.026587,0.010949,0.015825,0.115365,0.112734
0.062680,0.063398,0.031553,0.011280,0.017004,0.098810,0.110387
0.061937,0.056127,0.028879,0.010720,0.016218,0.106053,0.114076
0.108914,0.099856,0.102070,0.040944,0.061018,0.547853,0.368690
0.108147,0.079464,0.090152,0.038474,0.054604,0.567512,0.380384
0.118899,0.089659,0.110398,0.044280,0.064276,0.600621,0.420872
0.117552,0.088955,0.113378,0.048507,0.066473,0.610967,0.439026
0.132585,0.100538,0.120254,0.055483,0.073629,0.625453,0.452148
0.152876,0.120383,0.153870,0.058615,0.084669,0.637869,0.463513
0.160530,0.137132,0.172435,0.065949,0.092364,0.625970,0.462377
0.211974,0.187469,0.159676,0.053752,0.084916,0.633213,0.323249
0.201830,0.164730,0.189090,0.068775,0.104902,0.632178,0.460172
0.217551,0.191960,0.194438,0.080284,0.113513,0.635799,0.441941
0.278708,0.266213,0.242341,0.111502,0.146589,0.635282,0.440083
0.342601,0.322457,0.251280,0.101189,0.143622,0.605794,0.357118
0.363168,0.368155,0.240278,0.070710,0.125018,0.566477,0.262982
0.275191,0.249448,0.216136,0.060856,0.117353,0.634247,0.362091
0.236369,0.192503,0.184048,0.067858,0.108262,0.622349,0.417854
0.263754,0.211628,0.187180,0.080386,0.110415,0.623901,0.392924
0.325011,0.273465,0.253037,0.116951,0.153745,0.636834,0.453081
0.365663,0.328125,0.256551,0.141497,0.171665,0.624935,0.431844
0.427545,0.369269,0.285889,0.175795,0.201876,0.631143,0.463075
0.438209,0.389860,0.288869,0.167469,0.199462,0.619245,0.432813
0.398998,0.376865,0.277332,0.164133,0.199709,0.618727,0.448305
0.344905,0.313177,0.222935,0.135920,0.167025,0.602173,0.437831
0.308135,0.282082,0.206280,0.123393,0.151229,0.591826,0.431860
0.296336,0.271585,0.196348,0.100323,0.134967,0.567512,0.392825
0.233679,0.206093,0.149056,0.081888,0.105367,0.553026,0.381352
0.206290,0.154319,0.119642,0.061544,0.084800,0.537506,0.382055
0.142402,0.123225,0.102911,0.043592,0.067491,0.527677,0.353104
0.151698,0.122298,0.101688,0.044051,0.066196,0.504915,0.347435
0.109091,0.095714,0.088548,0.036463,0.056160,0.487325,0.346096
0.098752,0.080264,0.080526,0.032974,0.049120,0.459390,0.335830
0.085973,0.067094,0.066544,0.026787,0.040131,0.442318,0.300072
0.092537,0.066484,0.062572,0.024546,0.036975,0.410243,0.275069
0.078059,0.051245,0.054779,0.019606,0.030895,0.393689,0.261728
0.077170,0.052170,0.050653,0.017671,0.028000,0.341956,0.231760
0.081787,0.062276,0.047674,0.014285,0.025309,0.293326,0.184502
0.055872,0.035646,0.040492,0.010669,0.019796,0.275220,0.190652
0.063198,0.034925,0.038200,0.009625,0.018851,0.262287,0.182082
0.056050,0.025450,0.032317,0.008912,0.016553,0.250905,0.180176
0.059926,0.024522,0.031782,0.008072,0.016538,0.247284,0.182550
0.043080,0.024026,0.022614,0.006849,0.012378,0.231247,0.132672
0.036569,0.007592,0.020475,0.007155,0.011171,0.224004,0.159581
0.034194,0.013290,0.026587,0.006468,0.012989,0.224521,0.168530
0.040360,0.023737,0.028956,0.007664,0.015098,0.220900,0.166947
0.029397,0.005975,0.017037,0.005602,0.010458,0.213658,0.153785
0.040698,0.013194,0.022232,0.007486,0.012422,0.208484,0.160904
0.040783,0.017758,0.026052,0.008148,0.014036,0.207967,0.169725
0.061382,0.027494,0.030331,0.009319,0.016436,0.210554,0.173347
0.059156,0.031455,0.030866,0.010414,0.017571,0.200724,0.176424
0.080316,0.047396,0.032164,0.011560,0.017978,0.195034,0.145735
0.080814,0.043411,0.030407,0.015049,0.020015,0.193482,0.174392
0.086275,0.059907,0.039040,0.015023,0.023200,0.190378,0.170554
0.095091,0.045283,0.048208,0.017748,0.027782,0.227108,0.248176
0.087367,0.081441,0.159600,0.048532,0.077425,0.573720,0.548239
0.117903,0.101910,0.174880,0.059634,0.089105,0.602690,0.551683
0.126792,0.105825,0.189854,0.062638,0.096335,0.613037,0.584998
0.139289,0.121831,0.211857,0.068673,0.103505,0.627522,0.572535
0.151478,0.134019,0.227366,0.074020,0.110502,0.631661,0.573038
0.163859,0.146106,0.252120,0.081786,0.121731,0.659596,0.596336
0.172166,0.164860,0.264726,0.081455,0.127796,0.647698,0.572064
0.198190,0.208123,0.271449,0.064675,0.120029,0.651319,0.438626
0.172040,0.165775,0.273589,0.078094,0.128771,0.646146,0.574292
0.172392,0.160303,0.249599,0.071703,0.118080,0.632695,0.536403
0.179491,0.176003,0.244480,0.066280,0.113062,0.615106,0.473627
0.217171,0.202728,0.266025,0.067044,0.122647,0.598034,0.459903
0.291762,0.280263,0.286500,0.057470,0.124858,0.601138,0.347985
0.283505,0.247292,0.278020,0.063071,0.136553,0.632178,0.434649
0.263649,0.224481,0.251738,0.090469,0.157047,0.644077,0.554436
0.309265,0.262064,0.272443,0.122451,0.172785,0.645111,0.537238
0.485899,0.397313,0.320193,0.192753,0.245135,0.643559,0.536902
0.630178,0.553121,0.391474,0.302574,0.356276,0.646663,0.587893
0.736868,0.681030,0.455421,0.387849,0.459316,0.652871,0.631943
0.764788,0.691849,0.469555,0.362717,0.455375,0.648733,0.615928
0.715025,0.675076,0.444954,0.323174,0.435302,0.637869,0.600633
0.567749,0.526568,0.372832,0.251241,0.359404,0.615106,0.623549
0.472702,0.440062,0.330201,0.197540,0.289978,0.610967,0.586301
0.388871,0.356810,0.288792,0.153311,0.238487,0.593895,0.577400
0.317873,0.286843,0.233402,0.112087,0.185047,0.585101,0.533958
0.228403,0.219687,0.197952,0.084129,0.146298,0.576824,0.522252
0.176671,0.175379,0.173734,0.066356,0.120218,0.549922,0.508591
0.130299,0.128380,0.148751,0.057622,0.097847,0.545266,0.518131
0.110457,0.109031,0.134388,0.048939,0.083796,0.529747,0.492361
0.090785,0.082174,0.112614,0.041301,0.067418,0.488360,0.469341
0.071399,0.070424,0.104515,0.033738,0.056815,0.456803,0.428216
0.064269,0.058886,0.096111,0.032847,0.053716,0.431454,0.446029
0.059136,0.067430,0.102452,0.030122,0.052160,0.419038,0.400199
0.061598,0.070398,0.098938,0.026099,0.048407,0.352302,0.359186
0.072547,0.084156,0.105050,0.025259,0.050691,0.312985,0.337094
0.053219,0.055692,0.081060,0.020752,0.038036,0.271599,0.315296
0.048207,0.055586,0.077546,0.020243,0.037644,0.258665,0.312016
0.041295,0.054954,0.077699,0.019454,0.036713,0.254009,0.305392
0.038246,0.047037,0.064100,0.018308,0.032233,0.241076,0.287229
0.029872,0.040926,0.062266,0.017086,0.030356,0.232281,0.287911
0.028031,0.040562,0.059821,0.016755,0.030735,0.230729,0.293078
0.033411,0.038944,0.055619,0.015583,0.029105,0.223487,0.281329
0.030604,0.032241,0.052028,0.015609,0.026880,0.222452,0.279856
0.033288,0.036622,0.052716,0.017111,0.028669,0.213140,0.284468
0.028897,0.036649,0.044388,0.015660,0.027665,0.209002,0.273486
0.031753,0.042268,0.052792,0.016653,0.029818,0.203311,0.277966
0.020657,0.035411,0.048285,0.016882,0.027913,0.203311,0.280357
0.015789,0.045270,0.053174,0.020396,0.030705,0.192447,0.277539
0.030499,0.048671,0.051646,0.020090,0.031171,0.207967,0.271829
0.044747,0.050456,0.058140,0.022993,0.035927,0.217796,0.312255
0.060148,0.086743,0.073650,0.036565,0.049702,0.214692,0.322938
0.070110,0.075713,0.067614,0.030937,0.044829,0.233833,0.314826
0.097294,0.074548,0.109787,0.057571,0.078095,0.605794,0.583605
0.089048,0.075577,0.134693,0.056018,0.082051,0.639421,0.610269
0.085223,0.073090,0.135304,0.054185,0.081135,0.652354,0.614908
0.094734,0.083072,0.143479,0.060678,0.089702,0.653389,0.634059
0.105973,0.094603,0.154404,0.062537,0.097004,0.662700,0.635092
0.105888,0.098184,0.166399,0.065618,0.101513,0.667874,0.650752
0.109030,0.110734,0.184430,0.070354,0.106895,0.667874,0.634251
0.115792,0.109300,0.191153,0.069692,0.107855,0.672012,0.646143
0.137023,0.154934,0.223546,0.059099,0.106415,0.651319,0.491410
0.129202,0.135673,0.230422,0.071856,0.122036,0.665804,0.632371
0.129041,0.141385,0.240966,0.074682,0.121760,0.661666,0.611608
0.149284,0.159710,0.232180,0.063351,0.109004,0.595965,0.492517
0.196570,0.233480,0.290244,0.057953,0.122007,0.631143,0.402901
0.240311,0.214528,0.283903,0.049678,0.120509,0.634247,0.428920
0.152039,0.147902,0.240431,0.062562,0.125644,0.659596,0.611435
0.171619,0.161452,0.232562,0.082856,0.130487,0.645629,0.595046
0.217493,0.206771,0.267706,0.114735,0.162007,0.673564,0.615598
0.282103,0.259867,0.301093,0.165788,0.203724,0.667356,0.649148
0.355141,0.332389,0.344411,0.223843,0.261091,0.680807,0.681740
0.437534,0.399949,0.379403,0.283248,0.310531,0.675116,0.693252
0.409420,0.380806,0.362900,0.248517,0.286604,0.661666,0.665074
0.399868,0.366051,0.351135,0.254653,0.292829,0.662183,0.706638
0.383038,0.346085,0.330201,0.229802,0.263607,0.657010,0.663656
0.302656,0.276722,0.301627,0.187279,0.223898,0.651837,0.680622
0.282124,0.238687,0.271908,0.151376,0.188495,0.636317,0.642409
0.222511,0.193962,0.239820,0.126321,0.161193,0.623901,0.645782
0.186379,0.162284,0.208648,0.106740,0.136015,0.608381,0.620016
0.169989,0.141324,0.189396,0.084435,0.118429,0.599069,0.593655
0.126616,0.112359,0.173657,0.067986,0.100422,0.595447,0.586976
0.127841,0.109456,0.172282,0.070379,0.102255,0.610967,0.609544
0.324347,0.349368,0.360837,0.202480,0.266313,0.590274,0.665253
0.254241,0.272963,0.292001,0.156087,0.207418,0.599069,0.633721
0.192129,0.251115,0.239743,0.147608,0.177978,0.573202,0.576835
0.213199,0.466400,0.312476,0.303898,0.297542,0.551992,0.569864
0.204967,0.522161,0.336007,0.314975,0.321105,0.543197,0.554534
0.180947,0.376970,0.287799,0.217045,0.244175,0.538541,0.562434
0.188426,0.283163,0.227214,0.141802,0.175622,0.533885,0.509673
0.200745,0.220952,0.192910,0.118376,0.152175,0.525608,0.542863
0.166965,0.172089,0.168156,0.091895,0.123389,0.525091,0.531658
0.154802,0.149865,0.156391,0.071347,0.103331,0.503363,0.488429
0.140851,0.114636,0.122469,0.060856,0.086865,0.508019,0.494135
0.135150,0.097573,0.113301,0.059736,0.082124,0.509053,0.520014
0.109827,0.090700,0.115364,0.055865,0.078793,0.509053,0.521802
0.116338,0.092396,0.108564,0.053676,0.076640,0.512157,0.500222
0.109131,0.087145,0.118649,0.050696,0.075753,0.499741,0.513124
0.107738,0.093991,0.118191,0.056782,0.080858,0.501811,0.524235
0.151363,0.161288,0.158072,0.104881,0.125425,0.528712,0.570334
0.275462,0.277823,0.212774,0.207827,0.207098,0.546301,0.622706
0.420323,0.452927,0.276186,0.331602,0.305920,0.565960,0.604954
0.502670,0.485205,0.304760,0.339062,0.323535,0.570616,0.601663
0.531606,0.504540,0.332111,0.387926,0.374880,0.577341,0.681371
0.524758,0.494917,0.333410,0.358032,0.351069,0.542680,0.645927
0.615793,0.576946,0.372527,0.412497,0.401469,0.551992,0.643544
0.776474,0.725282,0.703186,0.695516,0.699665,0.927056,0.939193
0.915739,0.887242,0.873176,0.827388,0.841862,0.967408,0.937489
1.000000,1.000000,1.000000,1.000000,1.000000,0.981893,1.000000
0.977760,0.967656,0.999007,0.936241,0.961353,0.984480,0.990882
0.858225,0.820464,0.921614,0.783464,0.824713,1.000000,0.991553
0.659284,0.624631,0.768050,0.535253,0.616887,0.996896,0.949886
0.501532,0.465592,0.678509,0.370764,0.468393,0.979307,0.937061
0.427169,0.413834,0.582015,0.207420,0.322764,0.973616,0.700138
0.317572,0.305333,0.542211,0.201080,0.311447,0.961200,0.890732
0.287824,0.277847,0.488349,0.181473,0.276465,0.946198,0.851842
0.284638,0.260052,0.471923,0.144985,0.243825,0.905329,0.788397
0.311557,0.311874,0.456872,0.102768,0.207375,0.863942,0.560990
0.307446,0.306587,0.496600,0.092557,0.222473,0.865494,0.616034
0.211217,0.209240,0.374360,0.098541,0.203360,0.896017,0.779770
0.205820,0.187444,0.365116,0.115168,0.200291,0.906363,0.838875
0.207632,0.201273,0.404997,0.127008,0.210022,0.925504,0.833271
0.219632,0.201118,0.399954,0.141675,0.215331,0.911536,0.856319
0.239296,0.224102,0.436855,0.154075,0.228640,0.896017,0.835166
0.236998,0.216466,0.412407,0.139689,0.219098,0.886187,0.821262
0.210650,0.208349,0.404156,0.138645,0.214502,0.874289,0.828556
0.219690,0.210752,0.377569,0.155730,0.229367,0.892913,0.881674
0.213416,0.191139,0.319581,0.142439,0.206080,0.873771,0.851367
0.209787,0.193029,0.344870,0.131872,0.204160,0.870150,0.836270
0.190125,0.169538,0.302926,0.111400,0.178662,0.863425,0.803711
0.159501,0.141132,0.269463,0.102284,0.158153,0.855147,0.810916
0.155345,0.134637,0.252884,0.092735,0.146051,0.833420,0.771128
0.118324,0.100408,0.228589,0.072365,0.123564,0.820486,0.790377
0.112133,0.095778,0.230652,0.076872,0.123389,0.810657,0.813535
0.100396,0.094083,0.215677,0.075192,0.117004,0.776513,0.777919
0.104261,0.095494,0.227901,0.073358,0.118138,0.771340,0.778482
0.099115,0.088416,0.204981,0.071550,0.110487,0.748060,0.761254
0.104993,0.092363,0.210329,0.065032,0.107331,0.724263,0.718328
0.096437,0.090043,0.207655,0.062689,0.105964,0.703570,0.720078
0.100120,0.082808,0.193903,0.053395,0.095055,0.637869,0.675704
0.112141,0.099347,0.176866,0.052988,0.091302,0.598551,0.576209
0.084616,0.064722,0.156544,0.044305,0.079084,0.605794,0.640629
0.086274,0.059563,0.143403,0.043108,0.072698,0.590274,0.612506
0.087477,0.061043,0.147376,0.042981,0.072960,0.579410,0.606964
0.075082,0.053051,0.126518,0.036921,0.064000,0.560269,0.567612
0.080134,0.057753,0.126442,0.037558,0.063607,0.563373,0.540146
0.071780,0.039603,0.103904,0.034604,0.056960,0.527677,0.573137
0.066647,0.035254,0.093590,0.031676,0.052829,0.517848,0.554847
0.068788,0.033593,0.091069,0.030250,0.051375,0.510088,0.548828
0.065454,0.041442,0.098021,0.032236,0.054676,0.505432,0.538610
0.067302,0.038099,0.097792,0.030963,0.053673,0.490429,0.547090
0.072847,0.049041,0.105967,0.038220,0.061091,0.497155,0.561262
0.056156,0.042100,0.108641,0.038220,0.059665,0.502328,0.586435
0.076963,0.059100,0.112002,0.045196,0.068204,0.468702,0.574783
0.089966,0.076111,0.133853,0.047564,0.075273,0.483187,0.554206
0.089696,0.062085,0.123921,0.051613,0.075520,0.489395,0.623911
0.104051,0.082833,0.155550,0.061594,0.093425,0.487325,0.663285
0.104055,0.080552,0.144931,0.058361,0.088276,0.512157,0.635119
0.102877,0.090292,0.193216,0.077687,0.118618,0.814278,0.809879
0.121079,0.106779,0.218122,0.087363,0.131331,0.833420,0.809576
0.122960,0.105816,0.225074,0.090393,0.136233,0.849974,0.846599
0.122971,0.108909,0.238979,0.095002,0.139433,0.861355,0.851156
0.146982,0.132689,0.256169,0.109643,0.155665,0.870667,0.833955
0.158422,0.146183,0.292536,0.116823,0.167113,0.867046,0.837790
0.171703,0.168778,0.329895,0.133196,0.189353,0.857217,0.858051
0.202615,0.210455,0.343800,0.103226,0.171069,0.866011,0.643626
0.186531,0.185418,0.377951,0.124437,0.198967,0.879462,0.840207
0.207430,0.213648,0.379097,0.147073,0.212945,0.864977,0.805271
0.269613,0.289739,0.473833,0.180862,0.257513,0.854630,0.760508
0.364440,0.405527,0.549851,0.177730,0.284815,0.815313,0.622100
0.378112,0.412524,0.563832,0.144450,0.291316,0.839628,0.627415
0.296267,0.308669,0.495531,0.159168,0.286662,0.858251,0.806978
0.347810,0.339413,0.469096,0.195605,0.296771,0.857217,0.768806
0.420073,0.421026,0.546184,0.283961,0.377295,0.879462,0.816252
0.517433,0.492775,0.604248,0.387034,0.460465,0.870667,0.871829
0.570363,0.553335,0.618611,0.414407,0.494051,0.882566,0.841345
0.558609,0.526230,0.606463,0.418226,0.496553,0.877910,0.887976
0.570316,0.547983,0.616854,0.443103,0.527258,0.851526,0.910985
0.506615,0.478584,0.591413,0.346981,0.450313,0.850491,0.875169
0.412352,0.373099,0.479639,0.264940,0.353585,0.825660,0.851626
0.358476,0.313258,0.427305,0.212258,0.291767,0.809622,0.811670
0.307412,0.258419,0.402246,0.168334,0.247142,0.806518,0.804322
0.236143,0.201125,0.328673,0.137448,0.199462,0.789446,0.788970
0.205016,0.176912,0.312553,0.125633,0.183840,0.779100,0.801433
0.171377,0.152305,0.275269,0.113717,0.162618,0.754785,0.789215
0.145332,0.121525,0.234242,0.088381,0.131971,0.733057,0.744809
0.133952,0.115151,0.232332,0.075701,0.121847,0.717538,0.710248
0.115176,0.092301,0.213691,0.065745,0.109265,0.697362,0.732376
0.108242,0.087410,0.185958,0.062689,0.101658,0.683394,0.701951
0.104582,0.086755,0.187409,0.063759,0.100625,0.668391,0.697622
0.097137,0.078696,0.172282,0.055738,0.090356,0.647698,0.660206
0.094890,0.076305,0.161586,0.051409,0.083695,0.577858,0.619789
0.108668,0.087867,0.164336,0.048099,0.081862,0.565442,0.555042
0.084079,0.068951,0.148369,0.042497,0.076058,0.533885,0.593491
0.073718,0.060848,0.130950,0.038398,0.067942,0.525091,0.563695
0.066776,0.048268,0.115058,0.033891,0.060073,0.510605,0.555520
0.062952,0.047828,0.104974,0.034909,0.056727,0.497155,0.525081
0.063990,0.051082,0.101230,0.029995,0.053687,0.489912,0.479744
0.043833,0.030227,0.088395,0.028391,0.049498,0.494568,0.548381
0.038027,0.028465,0.087478,0.027831,0.047695,0.485773,0.538480
0.039335,0.027565,0.088089,0.027933,0.046836,0.473357,0.534026
0.024165,0.021500,0.075636,0.026329,0.041949,0.471288,0.513084
0.039685,0.025791,0.084728,0.028824,0.046618,0.471288,0.542827
0.042894,0.033213,0.095042,0.032261,0.051724,0.479565,0.555067
0.048048,0.044198,0.107495,0.038423,0.060015,0.481635,0.577672
0.061423,0.051758,0.109252,0.043032,0.063985,0.484221,0.574374
0.075500,0.062375,0.116434,0.043745,0.065382,0.475944,0.533915
0.088775,0.066669,0.129116,0.053854,0.076349,0.482152,0.607229
0.092912,0.070783,0.131255,0.055331,0.080058,0.484739,0.617501
0.098320,0.086561,0.164260,0.061696,0.092945,0.490947,0.642004
0.109876,0.099888,0.229811,0.086421,0.131593,0.820486,0.847531
0.114891,0.104704,0.245932,0.091055,0.137964,0.837558,0.863930
0.125947,0.106783,0.246466,0.095384,0.140218,0.848939,0.867503
0.127670,0.114201,0.256322,0.100425,0.145164,0.846353,0.860191
0.146180,0.134894,0.270151,0.116289,0.161135,0.859286,0.854839
0.142078,0.133202,0.294217,0.108395,0.162589,0.870150,0.870881
0.150264,0.136193,0.292230,0.108726,0.165862,0.846353,0.875342
0.164819,0.163345,0.307663,0.082729,0.146313,0.855665,0.667626
0.134622,0.136734,0.316220,0.098388,0.162342,0.848422,0.853235
0.153399,0.144036,0.297731,0.100553,0.158095,0.845318,0.798499
0.174122,0.164546,0.342349,0.102004,0.171913,0.831868,0.789415
0.200915,0.190986,0.375735,0.087694,0.169309,0.821004,0.689831
0.238025,0.229063,0.393078,0.078756,0.175098,0.805484,0.614131
0.188011,0.178969,0.337383,0.084078,0.169804,0.841697,0.729277
0.162806,0.147585,0.302621,0.090266,0.163273,0.837558,0.811553
0.173434,0.162207,0.325923,0.100298,0.169033,0.839628,0.783909
0.191288,0.167354,0.356635,0.119955,0.187505,0.841697,0.854732
0.213955,0.192502,0.391168,0.133552,0.205527,0.838593,0.844105
0.212958,0.192577,0.376652,0.139129,0.208087,0.833420,0.855055
0.237346,0.214228,0.395676,0.150307,0.227069,0.838076,0.860611
0.256389,0.226218,0.393307,0.150205,0.230095,0.822038,0.834274
0.253602,0.225054,0.391245,0.156545,0.235636,0.808070,0.859481
0.246502,0.226236,0.360073,0.163013,0.224655,0.802897,0.813102
0.276679,0.252911,0.387883,0.170015,0.244829,0.804449,0.811168
0.219032,0.200736,0.330354,0.142388,0.206633,0.784273,0.820681
0.202413,0.175504,0.283368,0.131515,0.184713,0.770305,0.810584
0.181287,0.166190,0.266178,0.115601,0.168902,0.757889,0.768687
0.160185,0.140986,0.241042,0.101036,0.151476,0.746508,0.775094
0.139509,0.124942,0.221789,0.100043,0.142618,0.742369,0.793243
0.128106,0.111928,0.194056,0.094492,0.131665,0.729953,0.786462
0.141695,0.121577,0.184200,0.091157,0.126269,0.672530,0.710292
0.132189,0.114603,0.185346,0.085988,0.120116,0.663218,0.701790
0.119338,0.108794,0.180839,0.076287,0.112640,0.640973,0.679048
0.119296,0.110251,0.186951,0.074351,0.109964,0.595447,0.655787
0.124523,0.113308,0.181985,0.063912,0.099418,0.592344,0.577208
0.102664,0.094209,0.170983,0.057571,0.093775,0.569581,0.614134
0.101003,0.083427,0.162961,0.049220,0.084582,0.530264,0.593905
0.103002,0.079313,0.165100,0.047946,0.083345,0.533368,0.602964
0.102439,0.082387,0.158148,0.044789,0.079535,0.515261,0.560300
0.102710,0.077885,0.138513,0.041122,0.072335,0.520952,0.523657
0.087946,0.061263,0.138666,0.042268,0.070793,0.504915,0.586738
0.077727,0.057585,0.131408,0.039442,0.067098,0.496120,0.572574
0.081130,0.059468,0.126366,0.041504,0.069600,0.510088,0.585373
0.085156,0.064686,0.124532,0.041122,0.070415,0.504915,0.566500
0.077839,0.059651,0.119337,0.041428,0.068480,0.509053,0.574452
0.067440,0.057564,0.123997,0.042370,0.068844,0.503880,0.588488
0.094066,0.075995,0.152800,0.051868,0.084698,0.503880,0.629214
0.101412,0.078693,0.142104,0.057138,0.087273,0.503880,0.636293
0.117996,0.089180,0.136603,0.056095,0.086953,0.505949,0.586677
0.121941,0.097524,0.158759,0.070761,0.102749,0.511123,0.662141
0.119111,0.101390,0.167851,0.073358,0.106735,0.519400,0.672178
0.127940,0.106697,0.177477,0.070685,0.108931,0.509053,0.663873
0.119304,0.100189,0.204370,0.091666,0.132029,0.862907,0.848841
0.132540,0.116141,0.218657,0.099712,0.143127,0.867046,0.837763
0.134190,0.117275,0.237146,0.105467,0.149338,0.881531,0.870412
0.139414,0.122818,0.248147,0.106358,0.154109,0.876358,0.871533
0.156042,0.142246,0.246619,0.110279,0.156262,0.861355,0.795976
0.176519,0.157312,0.277714,0.128689,0.179724,0.884635,0.856665
0.192250,0.176863,0.300711,0.138390,0.193527,0.880497,0.846761
0.265401,0.258460,0.347849,0.134851,0.208465,0.881531,0.668862
0.246001,0.243468,0.382306,0.176381,0.264771,0.901190,0.911140
0.336605,0.348664,0.488043,0.274132,0.357222,0.901190,0.915929
0.419073,0.439714,0.561387,0.327299,0.423476,0.886187,0.887465
0.536947,0.569872,0.645427,0.353423,0.494749,0.850491,0.818828
0.775332,0.776508,0.734281,0.287729,0.527564,0.848939,0.644391
0.583635,0.627464,0.637635,0.229598,0.491418,0.888774,0.739279
0.539704,0.589166,0.626404,0.339495,0.575680,0.895499,0.933473
0.564868,0.591132,0.652074,0.404884,0.569062,0.902225,0.918975
0.524936,0.515349,0.561005,0.339877,0.467025,0.886705,0.848039
0.466872,0.449509,0.497441,0.319864,0.428945,0.878945,0.881336
0.399306,0.385105,0.432348,0.273088,0.358822,0.862390,0.840290
0.362317,0.337109,0.396593,0.236906,0.320044,0.859803,0.839272
0.320934,0.312304,0.382077,0.211952,0.293833,0.867046,0.820103
0.289631,0.285022,0.346474,0.200901,0.275098,0.842732,0.828592
0.302340,0.289133,0.358545,0.193976,0.269251,0.838076,0.799486
0.277119,0.272294,0.334785,0.177577,0.248349,0.818417,0.772549
0.233037,0.226872,0.294828,0.152879,0.217251,0.807553,0.782515
0.210632,0.204246,0.285125,0.130191,0.194851,0.800310,0.759740
0.177523,0.176374,0.261135,0.107147,0.173891,0.778583,0.756895
0.146428,0.141093,0.230117,0.097726,0.152727,0.764615,0.781486
0.125718,0.116680,0.199328,0.087032,0.129018,0.759441,0.748026
0.113837,0.103118,0.190236,0.083340,0.120305,0.748577,0.755017
0.100999,0.098863,0.178852,0.077687,0.111535,0.729953,0.716230
0.099686,0.098070,0.177554,0.070939,0.107433,0.706674,0.691857
0.097994,0.095793,0.178241,0.063453,0.101804,0.681842,0.663329
0.090299,0.090063,0.162885,0.054185,0.091215,0.633730,0.613704
0.094604,0.091415,0.153640,0.051002,0.085411,0.632178,0.566415
0.077204,0.072580,0.144014,0.042981,0.077382,0.598551,0.587021
0.077262,0.074652,0.142944,0.041301,0.075942,0.597517,0.565952
0.075029,0.071537,0.135916,0.042650,0.074996,0.590274,0.572491
0.065011,0.058646,0.122622,0.037940,0.066865,0.581997,0.565084
0.069393,0.064334,0.114294,0.035597,0.060916,0.565442,0.486550
0.051649,0.047394,0.112919,0.035648,0.060975,0.568029,0.569153
0.050613,0.043579,0.101918,0.033458,0.056262,0.557165,0.543068
0.052826,0.044171,0.100695,0.034960,0.056945,0.548888,0.546745
0.050814,0.042853,0.085415,0.030377,0.051898,0.530781,0.502375
0.054834,0.040355,0.096952,0.031752,0.054647,0.535437,0.544424
0.055678,0.042953,0.096722,0.032465,0.056000,0.523539,0.543851
0.058129,0.046858,0.094201,0.037430,0.058167,0.517848,0.544364
0.074323,0.062290,0.107036,0.043872,0.068873,0.515261,0.564786
0.087957,0.077440,0.120941,0.049500,0.077207,0.544749,0.563620
0.095599,0.084121,0.139659,0.059736,0.088087,0.539576,0.617099
0.101154,0.099556,0.158683,0.066000,0.098793,0.530781,0.626333
0.121578,0.108074,0.175338,0.073129,0.111200,0.569064,0.672801
0.109406,0.089932,0.219726,0.093652,0.136131,0.877393,0.938172
0.124940,0.100977,0.242799,0.097624,0.146938,0.892913,0.945075
0.130968,0.107376,0.258614,0.096478,0.150400,0.907398,0.930485
0.138874,0.123392,0.292765,0.111858,0.170444,0.912054,0.966004
0.151555,0.131613,0.301551,0.115881,0.177222,0.912571,0.961989
0.167253,0.146530,0.331271,0.126576,0.191709,0.906880,0.967106
0.169851,0.155901,0.347238,0.124997,0.197949,0.926022,0.955396
0.186272,0.174140,0.361907,0.139740,0.216000,0.904294,0.963027
0.238874,0.225479,0.369700,0.107504,0.198647,0.919814,0.714185
0.247028,0.241636,0.416457,0.165203,0.270575,0.926539,0.938382
0.274042,0.270118,0.412789,0.177094,0.277527,0.926022,0.876597
0.381367,0.356260,0.493315,0.211723,0.354604,0.902742,0.891137
0.575652,0.546587,0.589503,0.188272,0.387927,0.901707,0.653866
0.533743,0.521888,0.564596,0.168946,0.412160,0.915158,0.731406
0.436086,0.417182,0.468714,0.198355,0.404785,0.928608,0.888110
0.409047,0.396425,0.451448,0.240012,0.408029,0.923435,0.939134
0.413502,0.385723,0.441592,0.223232,0.366313,0.930160,0.857920
0.375833,0.335954,0.384674,0.219566,0.336960,0.924470,0.889753
0.337331,0.298877,0.353809,0.194026,0.302065,0.924470,0.878490
0.289678,0.259445,0.314157,0.168716,0.260029,0.907398,0.846531
0.261057,0.228567,0.317213,0.153541,0.246051,0.911019,0.888534
0.233669,0.199152,0.294522,0.147277,0.226851,0.886705,0.912394
0.221396,0.197940,0.280923,0.139638,0.214196,0.869115,0.862557
0.199984,0.178843,0.268775,0.125557,0.199360,0.848422,0.866349
0.199434,0.191712,0.282680,0.140555,0.212480,0.857734,0.877456
0.190410,0.186525,0.261670,0.145673,0.208625,0.839628,0.879546
0.189257,0.188431,0.266178,0.141777,0.208276,0.828764,0.870910
0.179334,0.177197,0.265567,0.139943,0.202007,0.817900,0.884979
0.158179,0.143791,0.231645,0.106638,0.165891,0.799793,0.841495
0.148834,0.127934,0.209947,0.093678,0.152669,0.779617,0.838515
0.127444,0.107724,0.183589,0.089120,0.135709,0.766684,0.833225
0.138798,0.116917,0.205592,0.089731,0.137556,0.750129,0.799603
0.134479,0.110034,0.186874,0.080590,0.126764,0.722193,0.764222
0.134961,0.112709,0.201314,0.075803,0.123331,0.675634,0.730184
0.116936,0.103066,0.185652,0.060296,0.106764,0.667356,0.665073
0.114220,0.091741,0.174574,0.057495,0.100524,0.619245,0.672867
0.107233,0.080856,0.162656,0.053217,0.094036,0.619245,0.677725
0.096853,0.081542,0.157460,0.048838,0.088015,0.583549,0.628436
0.105227,0.073165,0.149056,0.046495,0.083200,0.593378,0.631196
0.080871,0.070601,0.134999,0.040664,0.073222,0.581480,0.562282
0.080441,0.054628,0.126824,0.039009,0.072393,0.584584,0.637198
0.079169,0.051445,0.113378,0.038958,0.069309,0.575272,0.626732
0.063217,0.044006,0.103675,0.034604,0.064684,0.573202,0.626149
0.068029,0.045918,0.103293,0.039824,0.067258,0.576306,0.640125
0.053660,0.041001,0.104057,0.036590,0.064378,0.578376,0.642177
0.055576,0.050116,0.109252,0.039213,0.067811,0.571650,0.620166
0.056463,0.048074,0.112384,0.043847,0.072538,0.572685,0.678612
0.069303,0.058152,0.121170,0.053294,0.079724,0.563373,0.683483
0.085971,0.077666,0.126442,0.055178,0.083375,0.562856,0.610824
0.110141,0.094937,0.168233,0.082117,0.113629,0.588205,0.749868
0.118892,0.110136,0.186187,0.090622,0.124655,0.590274,0.750244
0.116147,0.113095,0.185194,0.085453,0.124451,0.591309,0.735520
0.110010,0.100263,0.218504,0.099381,0.143011,0.865494,0.922793
0.129993,0.116921,0.225915,0.110661,0.155040,0.877393,0.907355
0.138369,0.129138,0.255482,0.118071,0.169062,0.898086,0.927766
0.146926,0.131039,0.256475,0.123851,0.174167,0.902225,0.947470
0.146136,0.132950,0.269998,0.127594,0.174473,0.925504,0.939504
0.171687,0.157675,0.319276,0.145342,0.196873,0.928091,0.941871
0.177623,0.164608,0.330507,0.145774,0.199913,0.896534,0.926546
0.231245,0.212461,0.354649,0.184121,0.237905,0.928091,0.910616
0.296545,0.298954,0.407518,0.172052,0.251404,0.932747,0.720510
0.297512,0.296881,0.465047,0.229547,0.328538,0.948267,0.966613
0.441892,0.410570,0.559707,0.329972,0.419695,0.933782,0.937038
0.619006,0.557574,0.700741,0.415731,0.539113,0.906363,0.917541
0.764656,0.788994,0.784246,0.352914,0.584945,0.889809,0.710529
0.695664,0.676024,0.736038,0.237186,0.531971,0.889291,0.748451
0.524480,0.503337,0.539537,0.241846,0.453309,0.876358,0.839992
0.524002,0.483503,0.530675,0.302371,0.449251,0.883083,0.864490
0.530719,0.513408,0.591489,0.352863,0.478589,0.880497,0.873875
0.492411,0.475277,0.536328,0.332748,0.440771,0.874806,0.860865
0.445804,0.416202,0.501031,0.305604,0.404844,0.872219,0.890194
0.395668,0.360873,0.483689,0.260663,0.362182,0.855147,0.900951
0.350247,0.327603,0.415540,0.205561,0.302415,0.849974,0.810296
0.297813,0.262143,0.360990,0.183052,0.274327,0.863942,0.888487
0.287970,0.258610,0.346933,0.178876,0.263607,0.852561,0.861401
0.272268,0.241513,0.352357,0.169506,0.254764,0.849974,0.880434
0.246930,0.222337,0.340821,0.152598,0.238211,0.837558,0.878339
0.229667,0.213425,0.330048,0.150536,0.229876,0.819452,0.874668
0.217584,0.203499,0.311407,0.140860,0.213193,0.804449,0.839170
0.186194,0.176304,0.290702,0.115677,0.195127,0.804966,0.856345
0.160943,0.142010,0.255940,0.104983,0.170560,0.801345,0.874605
0.140013,0.132367,0.235618,0.099814,0.153338,0.778065,0.822164
0.150854,0.135425,0.237222,0.106664,0.156756,0.770305,0.827879
0.140897,0.131444,0.229811,0.101546,0.150924,0.760993,0.812498
0.135120,0.120867,0.206815,0.090393,0.136044,0.736679,0.772240
0.122588,0.117774,0.202918,0.081608,0.126633,0.702535,0.728554
0.117405,0.111221,0.190618,0.066789,0.110473,0.680290,0.655082
0.110748,0.090830,0.161433,0.057393,0.096407,0.642007,0.647622
0.094342,0.085855,0.153640,0.055840,0.093469,0.616141,0.649158
0.080370,0.067239,0.124990,0.049780,0.080465,0.618210,0.638994
0.079200,0.071159,0.137444,0.046597,0.081382,0.610967,0.626466
0.079156,0.068265,0.120712,0.040995,0.071476,0.596482,0.558587
0.069567,0.052603,0.110627,0.040333,0.069789,0.602173,0.624550
0.061747,0.047177,0.106120,0.038653,0.066211,0.593378,0.622018
0.053084,0.042942,0.098174,0.035826,0.062662,0.588205,0.612127
0.052420,0.044857,0.100619,0.034833,0.062356,0.562856,0.597460
0.053148,0.046252,0.098862,0.038169,0.064509,0.569064,0.610704
0.061572,0.046010,0.094125,0.040129,0.064465,0.556648,0.611721
0.063160,0.050023,0.101688,0.043898,0.070618,0.564925,0.647744
0.062831,0.055703,0.121400,0.049449,0.077527,0.568029,0.678233
0.069099,0.066128,0.117503,0.056044,0.082109,0.563890,0.658826
0.072634,0.074503,0.123462,0.052912,0.082211,0.561304,0.616692
