WEIGHTED_ILI,UNWEIGHTED_ILI,AGE_0-4,AGE_5-24,ILITOTAL,NUM_OF_PROVIDERS,OT
-0.421187,-0.472092,-0.980915,-0.692108,-0.819089,-1.150422,-1.384683
-0.330994,-0.428836,-0.933522,-0.676336,-0.796114,-1.087653,-1.341945
-0.34251,-0.503445,-0.952761,-0.674924,-0.806214,-0.994511,-1.315244
-0.199635,-0.397614,-0.912406,-0.635612,-0.759265,-0.929716,-1.249547
-0.218264,-0.35428,-0.867829,-0.601715,-0.72508,-0.836574,-1.180999
-0.12956,-0.264729,-0.837798,-0.582177,-0.689785,-0.794053,-1.153721
-0.200107,-0.283084,-0.854691,-0.605481,-0.703992,-0.808226,-1.178798
-0.272191,-0.334085,-0.877683,-0.607129,-0.718421,-0.810251,-1.178335
-0.102572,-0.239342,-0.862668,-0.651384,-0.747056,-0.818351,-1.331206
-0.228259,-0.395991,-0.851875,-0.618664,-0.70932,-0.779879,-1.094221
-0.114894,-0.393177,-0.876745,-0.604069,-0.719531,-0.798102,-1.128906
0.347393,-0.113081,-0.807767,-0.551104,-0.668586,-0.838599,-1.211696
0.682261,0.234139,-0.824659,-0.661035,-0.73063,-0.925666,-1.525667
0.525948,0.168326,-0.771636,-0.641733,-0.685901,-0.897319,-1.408162
-0.00319,-0.10446,-0.752866,-0.576527,-0.633846,-0.802152,-1.131627
0.262742,0.091321,-0.712512,-0.458357,-0.581126,-0.850748,-1.144567
0.684466,0.61437,-0.60975,-0.175878,-0.415529,-0.800127,-1.127028
0.9758,1.003639,-0.591919,0.075057,-0.26203,-0.887195,-1.077229
1.208811,1.264347,-0.500418,0.165215,-0.184004,-0.877071,-1.082548
1.082197,1.133138,-0.518249,0.112721,-0.198766,-0.848723,-1.048025
1.188505,1.11777,-0.459125,-0.013217,-0.245492,-0.913517,-1.102816
0.576832,0.5289,-0.627111,-0.273569,-0.425518,-0.941865,-1.100314
0.320885,0.205478,-0.777736,-0.38656,-0.553823,-0.978312,-1.157673
0.21041,0.016878,-0.841083,-0.488723,-0.624856,-0.986411,-1.193917
0.16144,-0.166739,-0.908183,-0.570642,-0.716201,-1.067404,-1.296661
-0.266299,-0.420449,-0.961207,-0.642439,-0.777024,-1.107901,-1.287101
-0.411339,-0.56964,-1.016577,-0.682457,-0.82264,-1.176745,-1.315768
-0.439556,-0.555097,-0.987015,-0.69352,-0.816647,-1.188894,-1.306885
-0.67551,-0.767782,-1.047546,-0.754724,-0.884906,-1.322532,-1.380281
-0.657499,-0.772657,-1.052708,-0.762022,-0.887348,-1.29621,-1.386683
-0.852901,-0.937328,-1.12497,-0.777087,-0.928414,-1.35088,-1.411599
-0.871432,-0.929944,-1.153124,-0.770731,-0.936183,-1.435923,-1.469312
-0.823984,-0.975736,-1.13764,-0.814986,-0.954941,-1.569561,-1.53341
-0.832126,-0.813882,-1.130132,-0.81993,-0.965596,-1.855062,-1.737736
-0.773777,-0.798498,-1.154063,-0.833348,-0.976584,-1.881385,-1.801782
-0.828522,-0.866999,-1.159694,-0.835702,-0.985241,-1.980601,-1.810399
-0.934979,-0.795117,-1.161101,-0.837585,-0.978914,-1.986676,-1.815059
-0.990531,-0.975741,-1.188786,-0.85265,-1.000779,-2.025147,-1.840882
-1.049808,-0.950233,-1.196763,-0.852415,-0.998782,-2.025147,-1.84314
-1.092793,-1.058308,-1.202863,-0.860183,-1.012433,-2.049445,-1.873248
-1.051627,-0.960341,-1.189725,-0.848413,-0.998782,-2.053495,-1.837118
-1.029843,-1.029681,-1.208025,-0.858535,-1.007217,-2.067669,-1.851875
-1.047355,-0.972191,-1.201456,-0.848884,-1.001112,-2.065644,-1.84528
-1.129631,-1.046476,-1.207086,-0.853356,-1.007661,-2.089942,-1.843695
-0.988698,-0.934354,-1.190194,-0.852179,-0.99856,-2.079818,-1.850778
-1.015011,-0.955325,-1.197702,-0.850767,-1.001001,-2.104116,-1.854451
-0.974532,-0.928315,-1.179402,-0.847707,-0.997783,-2.116265,-1.84932
-1.017163,-0.910774,-1.176117,-0.845118,-0.99634,-2.118289,-1.850097
-0.817303,-0.796815,-1.170955,-0.838762,-0.990124,-2.128414,-1.869863
-0.942756,-0.930197,-1.185971,-0.838291,-0.995008,-2.136513,-1.831196
-0.883839,-0.932217,-1.190194,-0.838526,-0.996562,-2.142587,-1.839611
-0.806243,-0.835758,-1.190663,-0.829581,-0.98857,-2.134488,-1.844538
-0.696763,-0.650783,-0.874868,-0.674218,-0.776691,-0.996535,-1.045893
-0.579802,-0.57926,-0.825598,-0.615133,-0.722305,-0.792028,-0.92841
-0.372078,-0.569492,-0.842021,-0.611602,-0.711317,-0.70496,-0.900499
-0.336552,-0.519299,-0.781959,-0.559343,-0.662038,-0.638141,-0.791422
0.026784,-0.258452,-0.687643,-0.391974,-0.527185,-0.502478,-0.705964
0.568091,0.014429,-0.530449,-0.237788,-0.405096,-0.427559,-0.691648
0.802412,0.60481,-0.22873,0.0913,-0.117077,-0.366814,-0.634433
1.621062,1.214857,-0.052298,0.456404,0.188812,-0.391112,-0.591127
2.286011,2.255163,0.269598,0.279619,0.255517,-0.413385,-0.965396
2.9779,2.70883,0.967351,0.95851,1.055311,-0.269622,-0.442645
4.596113,4.096938,1.85233,1.837255,1.722805,-0.30202,-0.460136
4.672308,4.477481,1.765052,1.437312,1.582624,-0.35264,-0.648679
4.791947,4.649064,1.249831,0.349768,0.774173,-0.405286,-1.1411
2.767473,2.466459,0.337168,-0.200359,0.210011,-0.370864,-1.068394
0.936897,0.614647,-0.348385,-0.340422,-0.203982,-0.328342,-0.782963
0.296379,0.085651,-0.466163,-0.444468,-0.428071,-0.366814,-0.808009
0.119501,0.001397,-0.446456,-0.504024,-0.497107,-0.482229,-0.890288
0.029682,-0.145788,-0.556257,-0.518384,-0.555376,-0.508552,-0.899844
-0.227982,-0.236633,-0.571741,-0.540746,-0.57591,-0.542974,-0.864644
-0.294833,-0.335265,-0.587695,-0.576292,-0.623302,-0.680662,-0.894708
-0.35388,-0.350034,-0.643534,-0.586179,-0.638064,-0.644215,-0.922724
-0.531637,-0.584704,-0.805421,-0.63726,-0.724081,-0.757606,-0.927724
-0.608973,-0.607851,-0.819967,-0.667391,-0.743172,-0.866946,-0.969672
-0.579867,-0.571237,-0.842021,-0.67257,-0.747167,-0.860872,-1.032137
-0.555248,-0.599368,-0.911468,-0.687165,-0.771696,-0.958064,-1.09106
-0.724972,-0.682434,-0.897391,-0.709057,-0.792451,-0.937815,-1.06921
-0.808177,-0.798583,-0.967776,-0.737776,-0.841509,-1.000585,-1.129509
-0.877697,-0.788195,-0.980446,-0.748368,-0.85849,-1.109926,-1.22806
-0.863205,-0.759091,-0.998277,-0.746721,-0.853607,-1.148397,-1.242271
-0.901004,-0.797028,-1.018923,-0.761315,-0.868479,-1.302284,-1.26575
-0.952422,-0.891535,-1.033469,-0.786503,-0.9,-1.344806,-1.305466
-0.934954,-0.827403,-1.049893,-0.766023,-0.893008,-1.403526,-1.352064
-0.936836,-0.800372,-1.043323,-0.777323,-0.900444,-1.46427,-1.420901
-0.863917,-0.779893,-1.042385,-0.792153,-0.907659,-1.557412,-1.477195
-0.897352,-0.786586,-1.078047,-0.79945,-0.928969,-1.739647,-1.574925
-0.754314,-0.722997,-1.070539,-0.809101,-0.929968,-1.76192,-1.627874
-0.737025,-0.841294,-1.087431,-0.808866,-0.938181,-1.780143,-1.574449
-0.914756,-0.911128,-1.109955,-0.825109,-0.953276,-1.814565,-1.593565
-0.998494,-0.864167,-1.124032,-0.814751,-0.94928,-1.82064,-1.614104
-1.129857,-0.996894,-1.142332,-0.838526,-0.970257,-1.851012,-1.613628
-0.974619,-0.801915,-1.144678,-0.833348,-0.968925,-1.905683,-1.761713
-0.943354,-0.737795,-1.13717,-0.815693,-0.954941,-1.911757,-1.731592
-1.012981,-0.886016,-1.132478,-0.834525,-0.974586,-1.927956,-1.738667
-0.91808,-0.808094,-1.132009,-0.827463,-0.967926,-1.94213,-1.753074
-0.983677,-0.939674,-1.154063,-0.826286,-0.966372,-1.978576,-1.646177
-0.99304,-0.701501,-1.139986,-0.821342,-0.957937,-2.000849,-1.764307
-0.948693,-0.784867,-1.133886,-0.821342,-0.962266,-1.998825,-1.738815
-0.876503,-0.725439,-1.132478,-0.819224,-0.959047,-2.002874,-1.756961
-0.915963,-0.622704,-1.123093,-0.797331,-0.941178,-2.017048,-1.733684
-0.881673,-0.724352,-1.122155,-0.808866,-0.946394,-1.994775,-1.700706
-0.8278,-0.66188,-1.093531,-0.784385,-0.923197,-1.986676,-1.638971
-0.85316,-0.680243,-1.102916,-0.783678,-0.92686,-1.9968,-1.642727
-0.779178,-0.641432,-1.097755,-0.791682,-0.923863,-1.940105,-1.654195
-0.616797,-0.706103,-0.84249,-0.585943,-0.695779,-0.295945,-0.612203
-0.58755,-0.597293,-0.751459,-0.558401,-0.644723,-0.273672,-0.604923
-0.458478,-0.562147,-0.672158,-0.520502,-0.601659,-0.111686,-0.504572
-0.357225,-0.489214,-0.69562,-0.488253,-0.562813,-0.05904,-0.492226
-0.376554,-0.438865,-0.631334,-0.477189,-0.542613,-0.040817,-0.506328
-0.273673,-0.351849,-0.551564,-0.440466,-0.496219,0.044226,-0.493113
-0.274373,-0.367634,-0.53561,-0.440466,-0.494665,0.028027,-0.464883
-0.000309,-0.100483,-0.554849,-0.486605,-0.524632,0.038151,-0.86508
-0.139327,-0.271996,-0.532326,-0.396918,-0.447605,0.094846,-0.46566
-0.06581,-0.226136,-0.526226,-0.398565,-0.445274,0.048275,-0.520897
0.05964,-0.080713,-0.470387,-0.394093,-0.408981,0.115095,-0.60191
0.517728,0.417373,-0.383109,-0.456238,-0.416306,-0.069165,-1.021895
0.838605,0.743287,-0.197291,-0.412454,-0.239832,0.019928,-0.917177
0.53757,0.404636,-0.310846,-0.304877,-0.155257,0.123194,-0.542301
0.652253,0.426568,-0.227322,-0.179644,-0.123958,0.040176,-0.504878
0.910381,0.711709,-0.222161,-0.014865,-0.012413,0.052325,-0.545694
1.473092,1.176324,0.03498,0.381076,0.33099,0.023977,-0.385958
2.3161,1.97109,0.194051,0.919199,0.749422,-0.038792,-0.379328
2.700394,2.505122,0.447438,1.202619,1.102037,0.003729,-0.315178
3.012449,2.64082,0.545039,1.095748,1.164414,0.015878,-0.324065
2.224124,2.14388,0.491547,0.709458,0.798036,-0.085363,-0.418149
1.574899,1.513508,0.152289,0.376133,0.421114,-0.109661,-0.482291
1.298264,1.257314,0.026065,0.176279,0.239867,-0.192679,-0.551747
0.831866,0.835937,-0.120337,-0.054647,0.006899,-0.277722,-0.603447
0.592751,0.556718,-0.2475,-0.229314,-0.170907,-0.35264,-0.68867
0.21216,0.158037,-0.396717,-0.379498,-0.345272,-0.443758,-0.695229
-0.160284,-0.161069,-0.586757,-0.472716,-0.5132,-0.555123,-0.776526
-0.193848,-0.259667,-0.617727,-0.50426,-0.554378,-0.652315,-0.780347
-0.415848,-0.39916,-0.739728,-0.535803,-0.623191,-0.696861,-0.820154
-0.424507,-0.437067,-0.729874,-0.549456,-0.643059,-0.711035,-0.83661
-0.473519,-0.548264,-0.83029,-0.614191,-0.715868,-0.808226,-0.945551
-0.399717,-0.490734,-0.794628,-0.619134,-0.713426,-0.899344,-1.007178
-0.464924,-0.56364,-0.876275,-0.663625,-0.766812,-1.006659,-1.114241
-0.538173,-0.567495,-0.931645,-0.718002,-0.819533,-1.286086,-1.306156
-0.4147,-0.398074,-0.92883,-0.722004,-0.81476,-1.387327,-1.423587
-0.482349,-0.604491,-0.996869,-0.741777,-0.854162,-1.456171,-1.404812
-0.600304,-0.580371,-0.985138,-0.762257,-0.86859,-1.498692,-1.479322
-0.636904,-0.656727,-0.981853,-0.762257,-0.867036,-1.488568,-1.410555
-0.68796,-0.748585,-1.0208,-0.775204,-0.896893,-1.563487,-1.456101
-0.766606,-0.754105,-1.054116,-0.789799,-0.914762,-1.597909,-1.534336
-0.799481,-0.850462,-1.071477,-0.796625,-0.920312,-1.616132,-1.469849
-0.744015,-0.865623,-1.097755,-0.795919,-0.929191,-1.650554,-1.502031
-0.809968,-0.902745,-1.100101,-0.804629,-0.937848,-1.680927,-1.511146
-0.775686,-0.886595,-1.098693,-0.804864,-0.938736,-1.689026,-1.533611
-0.858965,-0.873006,-1.104324,-0.799215,-0.934185,-1.70725,-1.522025
-0.807987,-0.950302,-1.099162,-0.804864,-0.944729,-1.705225,-1.497778
-0.867714,-0.955926,-1.116993,-0.808395,-0.945395,-1.810516,-1.495083
-0.708449,-0.894425,-1.093531,-0.795213,-0.933075,-1.826714,-1.49262
-0.684141,-0.811743,-1.095408,-0.788386,-0.929968,-1.834814,-1.55829
-0.720679,-0.89168,-1.112301,-0.791447,-0.933852,-1.851012,-1.500162
-0.593231,-0.806892,-1.081331,-0.760138,-0.912431,-1.828739,-1.474221
-0.620432,-0.784432,-1.075231,-0.767671,-0.914096,-1.772044,-1.504189
-0.457681,-0.550521,-0.704066,-0.585943,-0.649718,-0.423509,-0.700793
-0.423751,-0.565854,-0.651042,-0.588062,-0.650162,-0.328342,-0.678175
-0.352594,-0.516764,-0.600365,-0.522621,-0.590227,-0.214952,-0.541628
-0.326216,-0.509314,-0.57878,-0.505201,-0.576243,-0.172431,-0.504987
-0.127281,-0.395504,-0.484933,-0.435759,-0.492223,-0.085363,-0.413969
-0.219265,-0.324551,-0.520595,-0.42752,-0.48856,-0.101562,-0.509682
-0.104933,-0.288059,-0.466163,-0.422341,-0.462145,-0.091438,-0.48447
0.070693,-0.088666,-0.472263,-0.506614,-0.514754,-0.042842,-0.851839
0.028233,-0.197353,-0.38217,-0.369376,-0.385562,0.005754,-0.399016
0.166339,-0.049205,-0.321639,-0.301816,-0.340611,0.011828,-0.473329
0.500523,0.25733,-0.202453,-0.160577,-0.193438,-0.00842,-0.480753
1.113906,0.745093,0.011049,-0.161754,-0.095767,-0.071189,-0.697487
1.255194,1.165506,0.002603,-0.278747,-0.066354,-0.099537,-0.890882
0.72354,0.620473,-0.117521,-0.32465,-0.122182,-0.006395,-0.654033
0.41619,0.253127,-0.187907,-0.194004,-0.172905,0.034102,-0.436347
0.503339,0.302392,-0.198699,-0.140097,-0.175569,-0.050941,-0.488828
0.552358,0.436171,-0.01382,-0.023339,-0.036165,0.017903,-0.357012
0.640834,0.531183,-0.028367,0.096008,0.012337,-0.00437,-0.359593
0.740143,0.679297,0.038265,0.199584,0.109565,-0.022594,-0.329044
1.130647,0.941594,-0.022736,0.290448,0.198246,-0.069165,-0.401649
1.126635,1.09286,0.037796,0.362244,0.273164,-0.069165,-0.405292
1.131982,0.980405,-0.043851,0.297274,0.211232,-0.095487,-0.411266
1.092607,0.926921,-0.05089,0.320343,0.20213,-0.131934,-0.385473
0.735887,0.662002,-0.160691,0.096243,-0.013079,-0.164331,-0.509477
0.555728,0.408248,-0.364808,-0.008509,-0.152705,-0.212927,-0.540777
0.464949,0.266021,-0.457717,-0.082895,-0.236058,-0.318218,-0.572217
0.100676,-0.060257,-0.579718,-0.255443,-0.410867,-0.383013,-0.628742
-0.236593,-0.305728,-0.699843,-0.407511,-0.543057,-0.476155,-0.693823
-0.356362,-0.492826,-0.804013,-0.533449,-0.653714,-0.561198,-0.799157
-0.492832,-0.581813,-0.861729,-0.556283,-0.695113,-0.617893,-0.822094
-0.551463,-0.647767,-0.904429,-0.597242,-0.739176,-0.737357,-0.896822
-0.574471,-0.670658,-0.904429,-0.637025,-0.760042,-0.816326,-0.948967
-0.587795,-0.662439,-0.918507,-0.653503,-0.778244,-0.901368,-1.036622
-0.668986,-0.710653,-0.926014,-0.701759,-0.818978,-1.091702,-1.146642
-0.658536,-0.734335,-0.985607,-0.749545,-0.86515,-1.363029,-1.324926
-0.718515,-0.642581,-0.900206,-0.734245,-0.817424,-1.391377,-1.221881
-0.7763,-0.751919,-1.012823,-0.776381,-0.889012,-1.431873,-1.416197
-0.830722,-0.81228,-1.036754,-0.785326,-0.903441,-1.441997,-1.423111
-0.831176,-0.771905,-1.035346,-0.789799,-0.90666,-1.518941,-1.480012
-0.785649,-0.7273,-1.048954,-0.786974,-0.912875,-1.533114,-1.547813
-0.792833,-0.683983,-0.9964,-0.761315,-0.868257,-1.508817,-1.390404
-0.893079,-0.704081,-1.000154,-0.778029,-0.875361,-1.535139,-1.401781
-0.909988,-0.753055,-1.018454,-0.786739,-0.886238,-1.535139,-1.4021
-0.914632,-0.719417,-1.015638,-0.780383,-0.889234,-1.561462,-1.448585
-0.858176,-0.775575,-1.032062,-0.779206,-0.895339,-1.569561,-1.422001
-0.909447,-0.728381,-1.0147,-0.771908,-0.886016,-1.591834,-1.425674
-0.918302,-0.843753,-1.064439,-0.792388,-0.921422,-1.658654,-1.482938
-0.896316,-0.792227,-1.067254,-0.774027,-0.911876,-1.689026,-1.485912
-0.759752,-0.604708,-1.023146,-0.762492,-0.88535,-1.682952,-1.525658
-0.795708,-0.720188,-1.044731,-0.758961,-0.891676,-1.691051,-1.458778
-0.754235,-0.665984,-1.014231,-0.755901,-0.882686,-1.755845,-1.467408
-0.758688,-0.710976,-1.030654,-0.76108,-0.888679,-1.727498,-1.453847
-0.477165,-0.440367,-0.581126,-0.481661,-0.54683,0.001704,-0.517753
-0.481763,-0.566557,-0.654327,-0.504495,-0.595777,0.078648,-0.474761
-0.417329,-0.503471,-0.529979,-0.450824,-0.521968,0.208237,-0.325904
-0.425403,-0.507829,-0.511679,-0.411748,-0.505209,0.248733,-0.259163
-0.335315,-0.436147,-0.469448,-0.347248,-0.450602,0.305428,-0.210918
-0.213715,-0.313342,-0.262984,-0.318294,-0.36636,0.354024,-0.169137
-0.167845,-0.209691,-0.14896,-0.250499,-0.307647,0.307453,-0.173312
0.140442,0.101809,-0.227322,-0.363256,-0.364474,0.335801,-0.684818
0.079654,-0.038907,-0.046667,-0.22437,-0.211973,0.331751,-0.181417
0.173867,0.129602,-0.01382,-0.11797,-0.146267,0.345925,-0.248446
0.540362,0.589104,0.280391,0.17063,0.106124,0.3439,-0.255276
0.923256,0.937157,0.335291,0.075293,0.083482,0.228485,-0.560298
1.046509,1.219954,0.267721,-0.20648,-0.058474,0.074598,-0.90639
0.519283,0.485357,0.119443,-0.297579,-0.116966,0.33985,-0.542013
0.286637,0.132962,-0.077636,-0.232845,-0.186335,0.293279,-0.337001
0.450747,0.251313,-0.058398,-0.117028,-0.169908,0.299354,-0.428656
0.817843,0.633983,0.346083,0.221005,0.160731,0.349975,-0.20749
1.06146,0.972234,0.367668,0.44793,0.297471,0.303404,-0.285568
1.4323,1.226848,0.547855,0.765012,0.527997,0.327701,-0.170744
1.496206,1.354271,0.566155,0.688037,0.509573,0.28113,-0.282004
1.261224,1.273854,0.4953,0.657199,0.51146,0.279106,-0.225046
0.937059,0.879732,0.161205,0.396377,0.262065,0.214311,-0.263557
0.716712,0.687302,0.058911,0.280561,0.14153,0.173815,-0.285506
0.646003,0.622349,-0.002089,0.067289,0.017443,0.078648,-0.429019
0.270515,0.21706,-0.292546,-0.10314,-0.208422,0.021953,-0.471202
0.106381,-0.103331,-0.473202,-0.291223,-0.365362,-0.038792,-0.468617
-0.27648,-0.295752,-0.575965,-0.45718,-0.49744,-0.077264,-0.575055
-0.220771,-0.301491,-0.583472,-0.452943,-0.507318,-0.166356,-0.595896
-0.476107,-0.465997,-0.664181,-0.523092,-0.583901,-0.2352,-0.600822
-0.538067,-0.561608,-0.713451,-0.555341,-0.63762,-0.344541,-0.638564
-0.614644,-0.64311,-0.799321,-0.612543,-0.706212,-0.41136,-0.770027
-0.57531,-0.646886,-0.823721,-0.633258,-0.730297,-0.5369,-0.861953
-0.662069,-0.741189,-0.871583,-0.678926,-0.776691,-0.601694,-0.911002
-0.667399,-0.735461,-0.896922,-0.696816,-0.798778,-0.804177,-1.021179
-0.639733,-0.672926,-0.915222,-0.728124,-0.819311,-0.994511,-1.194922
-0.795032,-0.83772,-0.95933,-0.761551,-0.861376,-1.065379,-1.172312
-0.75113,-0.842184,-0.973407,-0.771202,-0.86859,-1.116,-1.203822
-0.793968,-0.900817,-1.009538,-0.777793,-0.886127,-1.160546,-1.210827
-0.770739,-0.906561,-1.012823,-0.785562,-0.886238,-1.17472,-1.202101
-0.871689,-0.90963,-1.069131,-0.796861,-0.917981,-1.23749,-1.385478
-0.910706,-1.011326,-1.08227,-0.794036,-0.927193,-1.265837,-1.286547
-0.924942,-0.976065,-1.044731,-0.800392,-0.913319,-1.263812,-1.253644
-0.887993,-0.911419,-1.030185,-0.789328,-0.897226,-1.277986,-1.259465
-0.953689,-1.021333,-1.103385,-0.808395,-0.932632,-1.306334,-1.307854
-0.885968,-0.976657,-1.071477,-0.790976,-0.917648,-1.326582,-1.281682
-0.885455,-0.948416,-1.048016,-0.784855,-0.905328,-1.328607,-1.24925
-0.762013,-0.888169,-1.021738,-0.774027,-0.887015,-1.318483,-1.235935
-0.775353,-0.863657,-1.018454,-0.763905,-0.878357,-1.356955,-1.224623
-0.648548,-0.76501,-1.010477,-0.753312,-0.87525,-1.379228,-1.337451
-0.645562,-0.789669,-1.021269,-0.721062,-0.859711,-1.385302,-1.232091
-0.612832,-0.687587,-0.968246,-0.721298,-0.835404,-1.397451,-1.246202
-0.560001,-0.77808,-0.911937,-0.69611,-0.800442,-1.253688,-0.960824
-0.606291,-0.554324,-0.227792,-0.411512,-0.421633,0.102946,0.142362
-0.423295,-0.427655,-0.133945,-0.308878,-0.332509,0.216336,0.155023
-0.370027,-0.403431,-0.041974,-0.281101,-0.277346,0.256833,0.277507
-0.295134,-0.304382,0.093165,-0.225312,-0.222628,0.313528,0.231686
-0.222089,-0.228957,0.18842,-0.175878,-0.169242,0.329726,0.233537
-0.147897,-0.154158,0.340453,-0.104081,-0.083558,0.439067,0.319192
-0.098112,-0.0381,0.417877,-0.107141,-0.037275,0.392496,0.229956
0.057842,0.229624,0.459169,-0.262269,-0.096544,0.40667,-0.260631
-0.098869,-0.032439,0.472308,-0.138214,-0.029839,0.386421,0.238145
-0.096761,-0.0663,0.324968,-0.197299,-0.111416,0.333776,0.098847
-0.05422,0.030856,0.293529,-0.247439,-0.149708,0.264932,-0.131949
0.171589,0.19624,0.425854,-0.240377,-0.076566,0.198113,-0.182409
0.618591,0.67605,0.551609,-0.328887,-0.059695,0.210262,-0.593874
0.569108,0.472012,0.499524,-0.2771,0.029541,0.331751,-0.275252
0.45012,0.330853,0.338106,-0.02381,0.185926,0.378322,0.165146
0.723483,0.56343,0.465269,0.271851,0.306017,0.382372,0.101917
1.781997,1.400392,0.758542,0.921788,0.858081,0.376297,0.100681
2.646621,2.364579,1.196338,1.937064,1.706156,0.388446,0.28815
3.285983,3.156124,1.589089,2.725416,2.492409,0.412744,0.450101
3.453299,3.223075,1.675897,2.493077,2.462331,0.396546,0.391221
3.155088,3.119276,1.524803,2.127502,2.309165,0.354024,0.334989
2.272501,2.200264,1.081845,1.4625,1.730019,0.264932,0.419242
1.702913,1.664938,0.820011,0.966043,1.200264,0.248733,0.282298
1.200534,1.149747,0.565686,0.557155,0.807359,0.181914,0.249574
0.775066,0.716771,0.22549,0.176044,0.399582,0.147492,0.089859
0.238896,0.301185,0.007765,-0.082424,0.103904,0.115095,0.04682
-0.071116,0.026993,-0.140983,-0.246733,-0.095101,0.009804,-0.003404
-0.349013,-0.263852,-0.294423,-0.327475,-0.265804,-0.00842,0.03167
-0.467919,-0.383592,-0.382639,-0.407746,-0.37302,-0.069165,-0.063074
-0.585809,-0.549792,-0.516372,-0.478366,-0.497995,-0.231151,-0.147707
-0.701983,-0.622503,-0.566111,-0.548279,-0.578906,-0.354665,-0.298905
-0.744711,-0.693901,-0.617727,-0.556518,-0.602547,-0.453882,-0.233414
-0.775469,-0.641028,-0.57878,-0.581706,-0.614423,-0.502478,-0.401911
-0.760719,-0.622665,-0.600365,-0.618899,-0.643059,-0.76368,-0.552695
-0.695103,-0.537523,-0.562826,-0.626667,-0.625633,-0.917567,-0.633917
-0.810931,-0.713668,-0.710166,-0.668333,-0.722194,-1.079553,-0.714056
-0.840964,-0.714323,-0.731751,-0.673041,-0.725191,-1.130174,-0.726114
-0.882389,-0.718234,-0.730812,-0.680338,-0.732295,-1.148397,-0.750471
-0.900662,-0.76723,-0.814336,-0.690931,-0.766479,-1.199018,-0.817246
-0.950841,-0.805046,-0.825598,-0.70223,-0.780797,-1.23344,-0.814739
-0.961876,-0.807296,-0.840613,-0.70529,-0.777911,-1.239515,-0.795742
-0.929635,-0.817313,-0.866421,-0.716119,-0.790342,-1.267862,-0.838938
-0.946458,-0.858793,-0.888475,-0.715883,-0.807324,-1.271912,-0.844353
-0.930372,-0.831679,-0.884252,-0.701995,-0.793672,-1.308359,-0.827395
-0.956688,-0.83151,-0.935399,-0.715413,-0.80133,-1.324557,-0.867771
-0.939573,-0.796742,-0.883783,-0.706232,-0.784904,-1.34683,-0.851302
-1.006064,-0.839173,-0.911468,-0.704113,-0.799443,-1.34683,-0.84251
-1.035238,-0.778161,-0.881437,-0.671628,-0.778133,-1.389352,-0.85287
-0.947082,-0.757119,-0.890822,-0.674453,-0.774582,-1.328607,-0.873863
-0.861702,-0.746072,-0.850937,-0.647618,-0.738288,-1.290135,-0.725237
-0.769407,-0.521513,-0.755682,-0.52215,-0.63318,-1.302284,-0.685962
-0.709708,-0.589774,-0.792751,-0.574173,-0.670362,-1.227366,-0.715786
-0.5468,-0.596981,-0.533733,-0.327946,-0.416528,0.228485,0.272384
-0.596218,-0.590617,-0.380763,-0.342305,-0.386339,0.360099,0.370416
-0.619138,-0.606002,-0.377009,-0.359254,-0.393331,0.410719,0.38747
-0.562141,-0.544235,-0.3268,-0.299227,-0.327958,0.414769,0.457879
-0.494793,-0.472874,-0.2597,-0.282043,-0.272241,0.451216,0.461678
-0.495298,-0.450716,-0.18603,-0.25356,-0.237834,0.471464,0.519252
-0.476473,-0.373052,-0.07529,-0.209775,-0.196768,0.471464,0.458586
-0.43595,-0.381925,-0.033997,-0.215896,-0.189442,0.487663,0.502307
-0.308718,-0.099528,0.164959,-0.313822,-0.20043,0.40667,-0.066572
-0.355589,-0.218721,0.20719,-0.195887,-0.081227,0.463365,0.451673
-0.356549,-0.183375,0.271944,-0.169758,-0.083336,0.447166,0.375338
-0.235242,-0.069973,0.217982,-0.27451,-0.180674,0.190013,-0.062501
0.048132,0.386542,0.574601,-0.324415,-0.081449,0.327701,-0.391976
0.310256,0.269259,0.535655,-0.400919,-0.092881,0.33985,-0.296315
-0.218728,-0.143045,0.26866,-0.281808,-0.053702,0.439067,0.374704
-0.101392,-0.059189,0.220328,-0.094194,-0.016742,0.384397,0.314449
0.173517,0.221254,0.436177,0.200525,0.223773,0.493737,0.390007
0.560709,0.549833,0.641233,0.6725,0.542093,0.469439,0.513356
0.998401,0.99862,0.907289,1.20921,0.979837,0.522085,0.63318
1.492161,1.416707,1.122199,1.758396,1.357092,0.499812,0.675503
1.323681,1.298243,1.020844,1.437312,1.174514,0.447166,0.571908
1.266441,1.20693,0.948582,1.494043,1.222018,0.449191,0.724718
1.165578,1.083379,0.820011,1.264294,0.999039,0.428943,0.566693
0.683872,0.654135,0.644517,0.871177,0.696036,0.408695,0.629071
0.560831,0.418763,0.461985,0.539264,0.425886,0.34795,0.488581
0.20359,0.141992,0.264906,0.307632,0.217558,0.299354,0.500979
-0.012941,-0.054041,0.073458,0.12661,0.025434,0.238609,0.406249
-0.111159,-0.183748,-0.04479,-0.0796,-0.108753,0.202162,0.309335
-0.371085,-0.362997,-0.141452,-0.231668,-0.246158,0.187988,0.284778
-0.363744,-0.380961,-0.149899,-0.20954,-0.232174,0.248733,0.367752
0.813864,1.103696,1.008175,1.01171,1.019683,0.16774,0.572567
0.393735,0.630875,0.585394,0.582813,0.570284,0.202162,0.456638
0.021519,0.495672,0.264436,0.504425,0.34564,0.100921,0.247495
0.147783,1.827925,0.711149,1.949305,1.257978,0.017903,0.221868
0.098454,2.172992,0.855673,2.051704,1.437782,-0.016519,0.165504
-0.045495,1.274506,0.559586,1.146359,0.850756,-0.034743,0.194551
-0.000676,0.693996,0.187482,0.450754,0.32766,-0.052966,0.000575
0.073151,0.309016,-0.023205,0.234187,0.148744,-0.085363,0.122596
-0.129284,0.006632,-0.175237,-0.010628,-0.070905,-0.087388,0.0814
-0.202174,-0.130898,-0.2475,-0.200595,-0.22396,-0.172431,-0.077529
-0.285775,-0.348906,-0.45584,-0.297579,-0.349601,-0.154207,-0.056553
-0.319941,-0.454493,-0.512148,-0.307937,-0.385784,-0.150158,0.038592
-0.471696,-0.497028,-0.499479,-0.343717,-0.4112,-0.150158,0.045165
-0.432679,-0.486531,-0.541241,-0.363962,-0.427627,-0.138009,-0.034175
-0.475863,-0.51903,-0.479302,-0.391503,-0.434397,-0.186605,0.013262
-0.484213,-0.476659,-0.482117,-0.335243,-0.39544,-0.178505,0.054109
-0.222781,-0.060205,-0.237176,0.109426,-0.055366,-0.073214,0.223593
0.52091,0.660951,0.098796,1.061144,0.567842,-0.00437,0.416141
1.389019,1.744548,0.488262,2.205419,1.321909,0.072573,0.350877
1.882502,1.944296,0.663756,2.274391,1.456318,0.090797,0.338775
2.055905,2.063949,0.831742,2.726122,1.848112,0.117119,0.631822
2.01487,2.004396,0.839719,2.449763,1.666422,-0.018544,0.501512
2.560416,2.512016,1.079968,2.953282,2.051002,0.017903,0.492751
3.523332,3.429969,3.11082,5.569743,4.326408,1.485902,1.579708
4.357909,4.432228,4.154869,6.788875,5.411447,1.643839,1.573446
4.862859,5.130012,4.9338,8.384645,6.61813,1.700534,1.803268
4.72958,4.929855,4.9277,7.795206,6.32323,1.710658,1.769745
4.013242,4.018987,4.452365,6.382811,5.280589,1.771403,1.772213
2.821042,2.807107,3.509201,4.088141,3.694764,1.759254,1.619022
1.875681,1.822924,2.959257,2.567463,2.561667,1.69041,1.571874
1.430046,1.502628,2.366612,1.057378,1.450435,1.668137,0.70082
0.77326,0.831188,2.12214,0.998763,1.364085,1.619541,1.401542
0.594989,0.661099,1.791329,0.817506,1.097154,1.560821,1.258562
0.575896,0.550979,1.690444,0.480179,0.848092,1.40086,1.025307
0.737213,0.871666,1.598004,0.089888,0.569951,1.238874,0.18924
0.712577,0.83895,1.842007,-0.004507,0.685159,1.244948,0.39161
0.135908,0.236535,1.09123,0.050811,0.539318,1.364413,0.993588
0.103565,0.101653,1.034452,0.204527,0.515899,1.404909,1.210889
0.114422,0.187236,1.279393,0.313988,0.590151,1.479828,1.190285
0.186336,0.186272,1.248424,0.449577,0.630663,1.425158,1.275023
0.304176,0.328508,1.475064,0.564217,0.732219,1.364413,1.197255
0.290406,0.28125,1.324909,0.431216,0.659409,1.325941,1.146136
0.132506,0.231022,1.274232,0.421565,0.624336,1.27937,1.172951
0.186686,0.245895,1.110938,0.579518,0.737768,1.352264,1.368242
0.149085,0.124523,0.754788,0.456639,0.560073,1.277345,1.256815
0.127338,0.136218,0.910105,0.358949,0.545422,1.263171,1.201312
0.009506,-0.009152,0.652494,0.169688,0.350857,1.236849,1.08161
-0.174014,-0.184937,0.446969,0.085415,0.194361,1.204452,1.108097
-0.198918,-0.225128,0.345145,-0.00286,0.102017,1.119409,0.961816
-0.420772,-0.436954,0.195928,-0.191179,-0.069573,1.068788,1.032588
-0.457876,-0.465607,0.208597,-0.149513,-0.070905,1.030316,1.117727
-0.528211,-0.476095,0.116627,-0.16505,-0.11963,0.896678,0.986784
-0.505048,-0.46736,0.191705,-0.181998,-0.110972,0.87643,0.988854
-0.535886,-0.511163,0.050934,-0.198712,-0.169353,0.785312,0.925516
-0.500661,-0.48674,0.083781,-0.258974,-0.193438,0.69217,0.767696
-0.551935,-0.501092,0.067358,-0.280631,-0.203871,0.611177,0.774129
-0.529863,-0.545867,-0.017105,-0.366551,-0.287114,0.354024,0.61099
-0.457827,-0.443518,-0.121744,-0.370318,-0.315749,0.200137,0.245193
-0.622775,-0.657786,-0.246561,-0.450589,-0.408981,0.228485,0.482034
-0.612844,-0.689716,-0.32727,-0.461652,-0.457705,0.16774,0.378639
-0.605634,-0.680556,-0.302869,-0.462829,-0.455707,0.125219,0.358266
-0.679912,-0.730013,-0.430971,-0.518854,-0.524077,0.0503,0.213588
-0.649635,-0.700916,-0.43144,-0.512969,-0.527074,0.062449,0.112608
-0.699698,-0.81323,-0.569864,-0.540276,-0.577796,-0.077264,0.2339
-0.730462,-0.840147,-0.633211,-0.567347,-0.609318,-0.115736,0.166657
-0.71763,-0.850427,-0.648696,-0.580529,-0.620417,-0.146108,0.144528
-0.737612,-0.80185,-0.605996,-0.562168,-0.595222,-0.164331,0.106961
-0.726538,-0.822541,-0.607403,-0.573938,-0.60288,-0.223051,0.138139
-0.693302,-0.754825,-0.557195,-0.506849,-0.546275,-0.196729,0.19024
-0.793328,-0.797777,-0.540772,-0.506849,-0.557152,-0.17648,0.282791
-0.668636,-0.692582,-0.520125,-0.44235,-0.492001,-0.308094,0.239953
-0.590716,-0.587309,-0.385924,-0.420458,-0.43806,-0.251399,0.164299
-0.592336,-0.674108,-0.446925,-0.383029,-0.436173,-0.227101,0.420569
-0.50631,-0.545711,-0.252661,-0.290753,-0.299544,-0.2352,0.565331
-0.506285,-0.559829,-0.317885,-0.320648,-0.338835,-0.138009,0.461779
-0.513342,-0.499555,-0.021328,-0.14198,-0.10731,1.04449,1.104285
-0.404266,-0.397527,0.131643,-0.052529,-0.010305,1.119409,1.103171
-0.392994,-0.403484,0.174343,-0.024516,0.027099,1.184203,1.239285
-0.392929,-0.384347,0.259744,0.018091,0.051517,1.228749,1.256042
-0.249037,-0.237188,0.365322,0.153445,0.175382,1.265196,1.1928
-0.180476,-0.153681,0.588678,0.219828,0.262731,1.251023,1.206902
-0.100888,-0.013858,0.818135,0.37119,0.432435,1.212551,1.28139
0.084358,0.244054,0.903535,0.094125,0.29292,1.246973,0.493053
-0.012029,0.089116,1.113284,0.290212,0.505799,1.299618,1.215785
0.11321,0.263815,1.120322,0.499482,0.61246,1.242923,1.087344
0.485857,0.734691,1.702175,0.811857,0.952534,1.202427,0.922773
1.054127,1.45122,2.169064,0.782903,1.160862,1.04854,0.413914
1.136059,1.494519,2.254934,0.475236,1.210475,1.143707,0.433453
0.645587,0.851835,1.835437,0.611297,1.174958,1.2166,1.09362
0.954468,1.042085,1.673082,0.948153,1.252096,1.212551,0.953278
1.387521,1.547135,2.146541,1.764987,1.866537,1.299618,1.127715
1.97097,1.991138,2.50316,2.717883,2.501178,1.265196,1.332046
2.288168,2.365908,2.591376,2.970937,2.757453,1.311767,1.219969
2.217727,2.198171,2.516768,3.006247,2.776544,1.293544,1.39141
2.287883,2.332784,2.580584,3.236232,3.010844,1.190278,1.476004
1.906145,1.903324,2.424328,2.3476,2.423706,1.186228,1.344327
1.341253,1.250551,1.737836,1.589144,1.685623,1.089036,1.257768
1.01839,0.880235,1.41641,1.102104,1.213915,1.026267,1.110871
0.712374,0.540873,1.262501,0.69604,0.873398,1.014118,1.083855
0.285278,0.186316,0.810627,0.410501,0.509573,0.947299,1.027412
0.098747,0.036483,0.711618,0.301276,0.390369,0.906802,1.073234
-0.102841,-0.115799,0.482631,0.191109,0.228435,0.811635,1.028312
-0.258925,-0.306275,0.230652,-0.043113,-0.005421,0.726592,0.865055
-0.32712,-0.345719,0.218921,-0.160342,-0.08267,0.665848,0.73799
-0.439637,-0.487122,0.104427,-0.252383,-0.178676,0.586879,0.819343
-0.481194,-0.517389,-0.065905,-0.280631,-0.236724,0.532209,0.707485
-0.503127,-0.521443,-0.05699,-0.270744,-0.244604,0.473489,0.691571
-0.547744,-0.571315,-0.149899,-0.344894,-0.322963,0.392496,0.554011
-0.561205,-0.58611,-0.215592,-0.384912,-0.373797,0.119144,0.405415
-0.478638,-0.514558,-0.198699,-0.415514,-0.387782,0.070548,0.167373
-0.625994,-0.631616,-0.296769,-0.467302,-0.432067,-0.052966,0.308733
-0.688086,-0.681761,-0.403755,-0.505201,-0.493999,-0.087388,0.199184
-0.729687,-0.759611,-0.501356,-0.546867,-0.554045,-0.144083,0.169129
-0.752604,-0.762336,-0.563295,-0.537451,-0.579572,-0.196729,0.057223
-0.746384,-0.742194,-0.586288,-0.582883,-0.602769,-0.225076,-0.109462
-0.867176,-0.871252,-0.665119,-0.597713,-0.634734,-0.206853,0.142882
-0.901971,-0.882159,-0.67075,-0.602892,-0.648497,-0.241275,0.106481
-0.894133,-0.887725,-0.666996,-0.60195,-0.655045,-0.289871,0.090108
-0.985043,-0.925262,-0.743482,-0.61678,-0.692338,-0.29797,0.013113
-0.892037,-0.898705,-0.687643,-0.593711,-0.65671,-0.29797,0.122465
-0.872806,-0.852775,-0.624296,-0.561932,-0.617753,-0.265573,0.167465
-0.841919,-0.784794,-0.54781,-0.504966,-0.554489,-0.257474,0.250574
-0.761764,-0.738012,-0.537018,-0.462359,-0.524188,-0.247349,0.238446
-0.677407,-0.672314,-0.49291,-0.455767,-0.513533,-0.279747,0.089697
-0.597854,-0.645739,-0.415017,-0.362314,-0.429847,-0.255449,0.35924
-0.573063,-0.620278,-0.401878,-0.348661,-0.401544,-0.245325,0.397004
-0.540655,-0.522642,-0.199168,-0.289811,-0.303207,-0.221027,0.487091
-0.471403,-0.440167,0.203436,-0.061239,-0.008307,1.068788,1.242714
-0.441346,-0.410369,0.302445,-0.018396,0.040307,1.135607,1.303004
-0.375089,-0.397501,0.305729,0.021622,0.05751,1.180154,1.31614
-0.364769,-0.351597,0.366261,0.068231,0.095247,1.170029,1.28926
-0.253839,-0.22354,0.451192,0.214885,0.217114,1.22065,1.269581
-0.278426,-0.234011,0.599002,0.141911,0.228213,1.263171,1.328561
-0.229365,-0.2155,0.586801,0.144971,0.253186,1.170029,1.34496
-0.142143,-0.047477,0.681587,-0.095371,0.104015,1.206476,0.581289
-0.323107,-0.212157,0.734141,0.049399,0.226326,1.178129,1.263685
-0.210581,-0.166965,0.620586,0.069408,0.193917,1.16598,1.062446
-0.086393,-0.040045,0.89462,0.082826,0.299358,1.113334,1.02905
0.074168,0.123576,1.099676,-0.049469,0.27949,1.070813,0.662926
0.296559,0.35921,1.206192,-0.132094,0.323664,1.010068,0.384614
-0.003158,0.049211,0.86412,-0.082895,0.283264,1.151806,0.807949
-0.154204,-0.145007,0.650617,-0.025693,0.23343,1.135607,1.110438
-0.090519,-0.054518,0.793734,0.067054,0.277382,1.143707,1.008808
0.016481,-0.022671,0.982367,0.248782,0.418339,1.151806,1.269188
0.152316,0.132953,1.194462,0.374485,0.555856,1.139657,1.230118
0.146342,0.133422,1.105307,0.426038,0.57539,1.119409,1.270376
0.292489,0.267401,1.222146,0.529378,0.720232,1.137632,1.290801
0.40661,0.341602,1.2076,0.528436,0.743318,1.074863,1.193975
0.38991,0.334395,1.194931,0.58705,0.785605,1.020192,1.286648
0.34736,0.341714,1.003483,0.646842,0.701807,0.999944,1.116133
0.528203,0.506785,1.174284,0.711577,0.855751,1.006018,1.109023
0.182739,0.183911,0.82095,0.456169,0.564291,0.92705,1.144001
0.083145,0.027765,0.53237,0.355653,0.397029,0.87238,1.106879
-0.043453,-0.029869,0.426792,0.208529,0.276383,0.823784,0.952841
-0.169912,-0.18584,0.272414,0.07388,0.143417,0.779238,0.976398
-0.293816,-0.285124,0.154166,0.0647,0.075824,0.763039,1.043121
-0.362157,-0.365663,-0.016166,0.013383,-0.007752,0.714443,1.018193
-0.280721,-0.305953,-0.076698,-0.017454,-0.048929,0.489688,0.738152
-0.337684,-0.349105,-0.069659,-0.06524,-0.095878,0.453241,0.706895
-0.4147,-0.385059,-0.097344,-0.154927,-0.152927,0.366173,0.623284
-0.414953,-0.376038,-0.059805,-0.172818,-0.173349,0.187988,0.537765
-0.383627,-0.357119,-0.090306,-0.269331,-0.253817,0.175839,0.248866
-0.514619,-0.475313,-0.157876,-0.327946,-0.296881,0.086747,0.384627
-0.524573,-0.542038,-0.207145,-0.405157,-0.367026,-0.06714,0.310252
-0.512593,-0.567495,-0.194007,-0.416927,-0.376461,-0.054991,0.343557
-0.51597,-0.548472,-0.236707,-0.446116,-0.40554,-0.12586,0.186703
-0.514343,-0.576334,-0.357301,-0.480014,-0.46048,-0.103587,0.051986
-0.602823,-0.679193,-0.356362,-0.469421,-0.472245,-0.166356,0.283905
-0.664063,-0.701955,-0.40094,-0.49555,-0.500436,-0.200778,0.23183
-0.643669,-0.690303,-0.431909,-0.476483,-0.481346,-0.146108,0.278887
-0.619541,-0.658011,-0.443171,-0.480014,-0.475131,-0.166356,0.2095
-0.663392,-0.68917,-0.475079,-0.477189,-0.489892,-0.150158,0.238734
-0.725708,-0.702085,-0.446456,-0.468479,-0.487118,-0.170406,0.290338
-0.566146,-0.588029,-0.269554,-0.380675,-0.366138,-0.170406,0.440069
-0.522123,-0.571333,-0.335247,-0.331948,-0.346493,-0.170406,0.466094
-0.422741,-0.506431,-0.369032,-0.341599,-0.348935,-0.162307,0.283678
-0.399098,-0.454797,-0.232953,-0.206009,-0.2284,-0.142058,0.561125
-0.416059,-0.430877,-0.177114,-0.181998,-0.197989,-0.109661,0.598024
-0.36315,-0.398031,-0.117991,-0.206715,-0.181229,-0.150158,0.567492
-0.414904,-0.438309,0.04718,-0.012746,-0.004977,1.234824,1.247531
-0.335584,-0.339589,0.134927,0.06164,0.079708,1.251023,1.206802
-0.325695,-0.332574,0.248482,0.11484,0.127101,1.307718,1.326836
-0.294386,-0.29827,0.316052,0.123079,0.163506,1.287469,1.330958
-0.194743,-0.178044,0.306668,0.15933,0.179932,1.228749,1.05317
-0.072028,-0.084811,0.497647,0.329524,0.358959,1.319867,1.276293
0.022243,0.036179,0.638887,0.419211,0.464289,1.303668,1.239884
0.460619,0.541124,0.928405,0.38649,0.578276,1.307718,0.585835
0.344357,0.448352,1.14003,0.770426,1.007918,1.384661,1.476571
0.887324,1.099337,1.789452,1.674123,1.71337,1.384661,1.49418
1.381531,1.662785,2.239919,2.165637,2.21893,1.325941,1.389532
2.087915,2.468239,2.756078,2.407156,2.762781,1.186228,1.137188
3.516488,3.746974,3.301799,1.799827,3.013174,1.180154,0.495865
2.367699,2.824637,2.708216,1.26241,2.737364,1.336065,0.844721
2.104436,2.58764,2.639238,2.278393,3.380329,1.362388,1.55868
2.255239,2.599805,2.796901,2.882898,3.329829,1.388711,1.505378
2.015936,2.130839,2.237572,2.281924,2.551234,1.327966,1.244583
1.667973,1.723397,1.847168,2.0969,2.260662,1.297594,1.366997
1.263072,1.324846,1.44738,1.664472,1.725579,1.232799,1.216091
1.041406,1.027828,1.227777,1.32997,1.42968,1.222675,1.212348
0.793411,0.874331,1.138622,1.099279,1.229676,1.251023,1.141874
0.605822,0.705501,0.919959,0.997116,1.086721,1.155856,1.173082
0.681984,0.73094,0.994098,0.933087,1.042103,1.137632,1.066076
0.53084,0.626733,0.848166,0.78149,0.88261,1.060689,0.967039
0.266665,0.345648,0.602755,0.553153,0.645314,1.018167,1.003681
0.132401,0.205634,0.543162,0.343412,0.474389,0.98982,0.919947
-0.066013,0.033149,0.395822,0.130376,0.314452,0.904777,0.909488
-0.252357,-0.185181,0.205313,0.043279,0.152962,0.850107,0.999899
-0.376465,-0.336255,0.016211,-0.055589,-0.027952,0.829859,0.876882
-0.447662,-0.42018,-0.039628,-0.089722,-0.094435,0.787337,0.902583
-0.524597,-0.446514,-0.109544,-0.14198,-0.161362,0.714443,0.759984
-0.532468,-0.451419,-0.117521,-0.204361,-0.192661,0.623326,0.670376
-0.542608,-0.465511,-0.113298,-0.273569,-0.235614,0.526135,0.565492
-0.588722,-0.50097,-0.207615,-0.359254,-0.316415,0.337826,0.383046
-0.562923,-0.4926,-0.264392,-0.388679,-0.3607,0.331751,0.209185
-0.667197,-0.609162,-0.323516,-0.462829,-0.421966,0.200137,0.284944
-0.666847,-0.596338,-0.330085,-0.478366,-0.432954,0.196088,0.207482
-0.680232,-0.615613,-0.373255,-0.46589,-0.440169,0.16774,0.231524
-0.740265,-0.695389,-0.454902,-0.509438,-0.502212,0.135343,0.204294
-0.714004,-0.660187,-0.506048,-0.531095,-0.547607,0.070548,-0.084438
-0.82034,-0.765022,-0.514495,-0.530624,-0.547163,0.080673,0.219252
-0.826545,-0.78863,-0.582065,-0.550869,-0.583124,0.038151,0.123351
-0.813287,-0.784962,-0.589572,-0.53698,-0.577907,0.005754,0.136868
-0.825342,-0.79312,-0.68342,-0.579352,-0.616421,-0.065115,-0.026258
-0.80125,-0.808576,-0.612565,-0.56664,-0.595444,-0.046892,0.128334
-0.796197,-0.792498,-0.613973,-0.560049,-0.585122,-0.093463,0.126229
-0.781507,-0.768333,-0.629457,-0.514146,-0.568584,-0.115736,0.128116
-0.68446,-0.67284,-0.550626,-0.45459,-0.486896,-0.12586,0.203198
-0.602758,-0.579086,-0.465225,-0.402567,-0.423298,-0.010445,0.198909
-0.556957,-0.53774,-0.350262,-0.307937,-0.340278,-0.030693,0.395527
-0.52367,-0.442225,-0.233423,-0.250029,-0.258589,-0.065115,0.429474
-0.401271,-0.389513,-0.131129,-0.184117,-0.163915,0.084722,0.600317
-0.474219,-0.501778,0.141497,0.005615,0.026322,1.291519,1.575957
-0.381128,-0.433429,0.283206,0.042337,0.108788,1.352264,1.601335
-0.345,-0.393829,0.380338,0.031744,0.135203,1.408959,1.547696
-0.297625,-0.294718,0.590086,0.173925,0.288148,1.427182,1.678282
-0.221634,-0.243848,0.644048,0.211118,0.339869,1.429207,1.66352
-0.127558,-0.151536,0.826581,0.309986,0.450415,1.406934,1.682335
-0.111989,-0.093546,0.924651,0.295391,0.49803,1.481853,1.639282
-0.013584,0.019326,1.014744,0.431687,0.635768,1.39681,1.667337
0.301645,0.337026,1.062606,0.133672,0.503357,1.457555,0.752463
0.35051,0.437013,1.349779,0.667086,1.052203,1.483878,1.57673
0.512397,0.613267,1.327255,0.777018,1.105256,1.481853,1.349576
1.155568,1.146344,1.82183,1.09716,1.693392,1.390736,1.403031
2.31986,2.324145,2.412597,0.880358,1.94767,1.386686,0.530703
2.068716,2.171299,2.259626,0.70169,2.13258,1.439331,0.81578
1.483485,1.523345,1.670736,0.973576,2.076308,1.491977,1.391903
1.321443,1.394897,1.564688,1.358689,2.101059,1.471729,1.579494
1.348146,1.328667,1.504157,1.203561,1.782739,1.498051,1.28091
1.122402,1.020683,1.154577,1.169663,1.558761,1.475778,1.397943
0.89167,0.79124,0.965005,0.933558,1.292496,1.475778,1.356533
0.606098,0.54722,0.721472,0.699571,0.971735,1.408959,1.239036
0.434583,0.356136,0.740241,0.559273,0.865074,1.423133,1.393462
0.270458,0.174108,0.600878,0.501365,0.718567,1.327966,1.481183
0.196908,0.166607,0.517355,0.430745,0.622006,1.259122,1.297955
0.068593,0.04843,0.442746,0.30057,0.508796,1.178129,1.3119
0.065297,0.128065,0.528147,0.43922,0.608909,1.214576,1.352733
0.011215,0.095966,0.399107,0.486535,0.579496,1.143707,1.360415
0.004305,0.107766,0.426792,0.450519,0.576833,1.101185,1.328666
-0.055156,0.038245,0.423038,0.43357,0.528996,1.058664,1.380391
-0.181933,-0.168484,0.214698,0.125668,0.253408,0.987795,1.220524
-0.237935,-0.266613,0.081435,0.00585,0.152518,0.908827,1.209566
-0.36612,-0.391675,-0.080452,-0.036286,0.023103,0.858206,1.190119
-0.298081,-0.334788,0.054688,-0.030637,0.037199,0.793412,1.066504
-0.323962,-0.377384,-0.060275,-0.115145,-0.045155,0.684071,0.936425
-0.321072,-0.360827,0.028411,-0.1594,-0.071349,0.501837,0.811286
-0.42909,-0.420501,-0.067782,-0.302758,-0.197767,0.469439,0.571903
-0.445367,-0.490586,-0.135822,-0.328652,-0.245381,0.28113,0.600557
-0.487241,-0.557944,-0.209022,-0.368199,-0.294883,0.28113,0.618419
-0.549445,-0.553699,-0.24093,-0.408688,-0.340833,0.141417,0.437209
-0.499262,-0.605542,-0.292546,-0.430344,-0.37757,0.179889,0.447354
-0.645219,-0.621409,-0.378886,-0.484251,-0.45371,0.133318,0.193992
-0.647796,-0.720253,-0.429094,-0.499552,-0.460036,0.145467,0.469421
-0.655418,-0.739952,-0.511679,-0.500022,-0.483566,0.10902,0.430942
-0.751017,-0.785987,-0.571272,-0.540276,-0.518861,0.100921,0.428797
-0.722179,-0.774154,-0.573618,-0.492019,-0.499216,0.11307,0.480182
-0.808285,-0.804583,-0.568926,-0.521915,-0.521192,0.121169,0.487725
-0.796807,-0.748174,-0.537018,-0.497668,-0.494998,0.094846,0.406804
-0.791493,-0.760814,-0.517779,-0.454826,-0.458926,0.098896,0.621681
-0.714542,-0.698443,-0.463817,-0.367493,-0.404097,0.062449,0.639587
-0.614655,-0.577688,-0.43144,-0.350073,-0.376239,0.060424,0.372455
-0.469816,-0.470807,-0.174768,-0.101021,-0.145379,0.159641,0.883655
-0.41737,-0.37675,-0.064498,-0.022398,-0.061249,0.16774,0.885036
-0.433818,-0.358439,-0.070598,-0.070184,-0.062803,0.17179,0.830903
-0.470597,-0.437849,0.133989,0.05858,0.07882,1.244948,1.519414
-0.350844,-0.334762,0.179505,0.162861,0.170609,1.291519,1.462657
-0.300652,-0.259164,0.361099,0.231362,0.277604,1.372512,1.5377
-0.24937,-0.247399,0.367199,0.284798,0.316561,1.388711,1.610139
-0.254107,-0.235573,0.450254,0.319402,0.318892,1.479828,1.580853
-0.100985,-0.082563,0.752911,0.483475,0.489816,1.489952,1.589557
-0.065411,-0.039663,0.821888,0.487477,0.513013,1.366438,1.533215
0.25593,0.25647,0.970167,0.841988,0.802919,1.489952,1.474645
0.647256,0.791718,1.294878,0.730409,0.905918,1.508176,0.775719
0.653051,0.778885,1.648212,1.26194,1.494498,1.56892,1.680522
1.518278,1.482433,2.229595,2.190354,2.190073,1.512225,1.571786
2.579672,2.392138,3.095804,2.983178,3.101301,1.404909,1.500106
3.452509,3.824239,3.608679,2.402448,3.45103,1.340115,0.739025
3.039062,3.125145,3.312591,1.332559,3.046804,1.33809,0.878445
2.013201,2.0565,2.105717,1.375637,2.44657,1.287469,1.214995
2.010337,1.933765,2.051286,1.935181,2.415604,1.313792,1.305065
2.050591,2.118822,2.424797,2.401977,2.639471,1.303668,1.339566
1.821022,1.882859,2.086009,2.216012,2.350897,1.281395,1.291736
1.541717,1.517284,1.869222,1.965077,2.076752,1.271271,1.399564
1.241268,1.174892,1.762706,1.549597,1.751218,1.204452,1.439113
0.969077,0.969005,1.344148,1.040194,1.29516,1.184203,1.105818
0.654849,0.563916,1.009113,0.832101,1.080838,1.238874,1.393288
0.595868,0.542053,0.922774,0.793495,0.999039,1.194327,1.293706
0.501768,0.436249,0.95609,0.706869,0.931557,1.184203,1.363682
0.349924,0.317586,0.885235,0.550564,0.80525,1.135607,1.355978
0.246473,0.262435,0.819073,0.531496,0.741653,1.064738,1.342484
0.174063,0.201007,0.70458,0.442045,0.614347,1.006018,1.211973
-0.014047,0.032714,0.577417,0.209235,0.476498,1.008043,1.275119
-0.165371,-0.179502,0.363914,0.110367,0.289036,0.99387,1.342252
-0.290796,-0.239177,0.239098,0.062581,0.157623,0.902752,1.149451
-0.225833,-0.220258,0.248952,0.125904,0.183706,0.87238,1.170462
-0.285498,-0.24489,0.203436,0.078588,0.139199,0.835933,1.113915
-0.32012,-0.310347,0.062196,-0.024516,0.025656,0.740766,0.965904
-0.395224,-0.329483,0.038265,-0.105729,-0.046154,0.607128,0.805294
-0.426282,-0.370039,-0.037282,-0.242731,-0.169464,0.52006,0.53517
-0.466178,-0.496221,-0.21653,-0.329594,-0.276792,0.370223,0.507744
-0.564493,-0.527009,-0.264392,-0.343953,-0.299212,0.268981,0.513391
-0.648224,-0.642209,-0.440355,-0.399978,-0.398437,0.277081,0.476025
-0.655235,-0.617957,-0.36387,-0.429403,-0.391444,0.248733,0.429963
-0.655496,-0.635863,-0.466633,-0.481191,-0.467028,0.192038,0.180405
-0.712962,-0.732782,-0.528572,-0.487311,-0.479903,0.214311,0.422919
-0.759827,-0.766361,-0.556257,-0.502847,-0.507207,0.179889,0.413612
-0.811742,-0.792569,-0.605057,-0.528977,-0.534288,0.159641,0.377246
-0.81572,-0.780718,-0.590042,-0.538157,-0.536619,0.060424,0.323324
-0.811354,-0.772084,-0.600834,-0.50732,-0.520193,0.084722,0.372014
-0.760872,-0.773586,-0.629927,-0.489194,-0.520526,0.036126,0.375753
-0.751356,-0.748749,-0.583472,-0.454355,-0.473577,0.068524,0.508194
-0.75333,-0.7136,-0.46241,-0.403038,-0.420857,0.080673,0.620288
-0.715768,-0.649088,-0.486341,-0.34207,-0.385895,0.064474,0.548936
-0.694579,-0.597259,-0.44974,-0.371024,-0.385118,0.05435,0.39403